sin_2241_0329430812| kōkaṭat mṁ venadā taram kāle gannætiva æṉda gattā | කෝකටත් මං වෙනදා තරම් කාලෙ ගන්නැතිව ඇඳ ගත්තා |mettananda
sin_2241_0598895166| ænjalīnā jolī kiyannē pasugiya dinavala bohō seyin katā bahaṭa lakvū caritayak | ඇන්ජලීනා ජොලී කියන්නේ පසුගිය දිනවල බොහෝ සෙයින් කතා බහට ලක්වූ චරිතයක් |mettananda
sin_2241_0701577369| ārthika cintanaya hā sāmājīya diyuṇuva æti kaḷa hækivanuyē pudgala ārthika diyuṇuva salasā dīmenya | ආර්ථික චින්තනය හා සාමාජීය දියුණුව ඇති කළ හැකිවනුයේ පුද්ගල ආර්ථික දියුණුව සලසා දීමෙන්ය |mettananda
sin_2241_0715400935| in adahas vannē vicārātmaka vinivida dækīmen tora bælmayi | ඉන් අදහස් වන්නේ විචාරාත්මක විනිවිද දැකීමෙන් තොර බැල්මයි |mettananda
sin_2241_0817100025| apa yuddhayē paḷamu piyavarēdīma parāda vī avasānaya | අප යුද්ධයේ පළමු පියවරේදීම පරාද වී අවසානය |mettananda
sin_2241_0894513578| ituru velā tibuṇē guṇēgē pintūraya vitarayi | ඉතුරු වෙලා තිබුණේ ගුණේගේ පින්තූරය විතරයි |mettananda
sin_2241_0914770956| oyāgē næṭumvalaṭa madhuri ḍiksit paradanavā kiyalā vihiḷu karanavā | ඔයාගේ නැටුම්වලට මධුරි ඩික්සිත් පරදනවා කියලා විහිළු කරනවා |mettananda
sin_2241_0957633175| dehiattakanḍiyē duṣkara pāsalaka śālāvak sǣdīma | දෙහිඅත්තකන්ඩියේ දුෂ්කර පාසලක ශාලාවක් සෑදීම |mettananda
sin_2241_1051256718| aṭavisiyak seneviyō hātpasa rækavallā siṭiyāhuya | අටවිසියක් සෙනෙවියෝ හාත්පස රැකවල්ලා සිටියාහුය |mettananda
sin_2241_1094955559| anatura sidukaḷa polis niladhāriyāda ada ataḍṁguvaṭa gena æta | අනතුර සිදුකළ පොලිස් නිලධාරියාද අද අත්අඩංගුවට ගෙන ඇත |mettananda
sin_2241_1110951919| usāviyakadī vuvat kiyana kāraṇāvak oppu kaḷa yutuya | උසාවියකදී වුවත් කියන කාරණාවක් ඔප්පු කළ යුතුය |mettananda
sin_2241_1158002967| mama adahas karannē mē kaṇḍāyam nævata matuvenavā kiyana ekama nemeyi | මම අදහස් කරන්නේ මේ කණ්ඩායම් නැවත මතුවෙනවා කියන එකම නෙමෙයි |mettananda
sin_2241_1160192708| adhi mānasika balayak tibē yæyi kiyana siyallanṭamaya | අධි මානසික බලයක් තිබේ යැයි කියන සියල්ලන්ටමය |mettananda
sin_2241_1297590493| mema indasāla guhāva pihiṭiyē kumana sthānayakada | මෙම ඉන්දසාල ගුහාව පිහිටියේ කුමන ස්ථානයකද |mettananda
sin_2241_1387637240| mehilā paryēṣakayanṭa vimasannaṭa itiri vū deyak næta | මෙහිලා පර්යේෂකයන්ට විමසන්නට ඉතිරි වූ දෙයක් නැත |mettananda
sin_2241_1477007898| mutu æṭa vikuṇalā mudal læbuṇa | මුතු ඇට විකුණලා මුදල් ලැබුණ |mettananda
sin_2241_1628739974| sarala siṁhalayen gattama pabāvatī yanu ran tal kaṉdaki | සරල සිංහලයෙන් ගත්තම පබාවතී යනු රන් තල් කඳකි |mettananda
sin_2241_1739595290| mē siyalla kataragama pūjābhūmiyaṭa ek vūyē pasu kālīnava ya | මේ සියල්ල කතරගම පූජාභූමියට එක් වූයේ පසු කාලීනව ය |mettananda
sin_2241_1906673954| mema tattvaya daruvan kihipadeneku siṭina pavulaka nam vaḍāt barapataḷaya | මෙම තත්ත්වය දරුවන් කිහිපදෙනෙකු සිටින පවුලක නම් වඩාත් බරපතළය |mettananda
sin_2241_1922158353| ætta vaśayenma ovungē cētanāva agaya kaḷa yuttaki | ඇත්ත වශයෙන්ම ඔවුන්ගේ චේතනාව අගය කළ යුත්තකි |mettananda
sin_2241_2071126924| ragar gæhuvā kiyala kohomada būruvo voli bōl næti venne | රගර් ගැහුවා කියල කොහොමද බූරුවො වොලි බෝල් නැති වෙන්නෙ |mettananda
sin_2241_2169117644| metana idalā mē pāra koṭasa gænat poḍi hædinvīmak dennamko | මෙතන ඉදලා මේ පාර කොටස ගැනත් පොඩි හැදින්වීමක් දෙන්නම්කො |mettananda
sin_2241_2260885335| mūlika sudusukam næti aya tamayi baṉdavā gena tibennē | මූලික සුදුසුකම් නැති අය තමයි බඳවා ගෙන තිබෙන්නේ |mettananda
sin_2241_2274399168| īyē api kilinocciyē siṭa peleyivalaṭa dumriya rægena giyā | ඊයේ අපි කිලිනොච්චියේ සිට පෙලෙයිවලට දුම්රිය රැගෙන ගියා |mettananda
sin_2241_2326423655| umbē daruvāṭa viśēṣa avadhānayak dennaṭa nohækiya | උඹේ දරුවාට විශේෂ අවධානයක් දෙන්නට නොහැකිය |mettananda
sin_2241_2455158637| mulinma putek læbuṇu eka hoṉdayi kiyalā dæn hitenavā | මුලින්ම පුතෙක් ලැබුණු එක හොඳයි කියලා දැන් හිතෙනවා |mettananda
sin_2241_2617308867| ætta vaśayenma ohugē pæṇi komaḍu vagāven da tunen pṁguvak vināśa vī gosin | ඇත්ත වශයෙන්ම ඔහුගේ පැණි කොමඩු වගාවෙන් ද තුනෙන් පංගුවක් විනාශ වී ගොසින් |mettananda
sin_2241_2690846268| mēka mūlika vaśayen samājavādī manasak tiyena raṭak | මේක මූලික වශයෙන් සමාජවාදී මනසක් තියෙන රටක් |mettananda
sin_2241_2929631181| in pasuva uturē mætivaraṇaya pævætvīma gæṭaḷuvak neveyi | ඉන් පසුව උතුරේ මැතිවරණය පැවැත්වීම ගැටළුවක් නෙවෙයි |mettananda
sin_2241_3002527648| mē śāsana saddharmaya avurudu dahasak pavatinnē ya | මේ ශාසන සද්ධර්මය අවුරුදු දහසක් පවතින්නේ ය |mettananda
sin_2241_3130519046| viduhalpatigē kaṭahaṇḍa pāsala avaṭa ræv demin pætiriṇi | විදුහල්පතිගේ කටහඬ පාසල අවට රැව් දෙමින් පැතිරිණි |mettananda
sin_2241_3154512466| meccara kal nobalā siṭiyē kālaya hoyāganna bæriva | මෙච්චර කල් නොබලා සිටියේ කාලය හොයාගන්න බැරිව |mettananda
sin_2241_3203593051| balamu nēda apē vīrayāgē væḍa kiḍa kohomada kiyalā | බලමු නේද අපේ වීරයාගේ වැඩ කිඩ කොහොමද කියලා |mettananda
sin_2241_3248119210| giniyam vū tǣṭiya mata inna puluvan jagatā kavda | ගිනියම් වූ තෑටිය මත ඉන්න පුලුවන් ජගතා කව්ද |mettananda
sin_2241_3320697504| mīduma eka eka pættaṭa peraḷi peraḷi apiva pissu vaṭvanavā | මීදුම එක එක පැත්තට පෙරළි පෙරළි අපිව පිස්සු වට්වනවා |mettananda
sin_2241_3388309517| mēka mohugē dakṣatā mata siduvuṇu dulaba siduvīmak | මේක මොහුගේ දක්ෂතා මත සිදුවුණු දුලබ සිදුවීමක් |mettananda
sin_2241_3396572759| mema cārikāva purāvaṭa apa hā ræṉduṇu obaṭa bohoma stutiyi | මෙම චාරිකාව පුරාවට අප හා රැඳුණු ඔබට බොහොම ස්තුතියි |mettananda
sin_2241_3729570045| yuvaḷagē siyalu balāporottu saphala vannē ehidīya | යුවළගේ සියලු බලාපොරොත්තු සඵල වන්නේ එහිදීය |mettananda
sin_2241_3736911555| mīṭa passē taman kaḷa dē pamaṇak taman kaḷa bava kiyanna | මීට පස්සේ තමන් කළ දේ පමණක් තමන් කළ බව කියන්න |mettananda
sin_2241_3853049089| āsiyānu niṣpādanavādaya piḷibaṉda māksgē adahasayi | ආසියානු නිෂ්පාදනවාදය පිළිබඳ මාක්ස්ගේ අදහසයි |mettananda
sin_2241_3882175305| siṁgappūruvē hiṭapu janādhipati lī kvān yū vasara dekakaṭa pamaṇa kæsinōvalaṭa avasaradī tibuṇat pasuva digaṭama pavatvāgena yayi | සිංගප්පූරුවේ හිටපු ජනාධිපති ලී ක්වාන් යූ වසර දෙකකට පමණ කැසිනෝවලට අවසරදී තිබුණත් පසුව දිගටම පවත්වාගෙන යයි |mettananda
sin_2241_3958755289| itiṁ ehema ekē un ōvaṭa viyadam karanna mæli vennē næhæ | ඉතිං එහෙම එකේ උන් ඕවට වියදම් කරන්න මැලි වෙන්නේ නැහැ |mettananda
sin_2241_4134952636| igena ganna ḷamunṭa hugak dēval dænaganna puḷuvan | ඉගෙන ගන්න ළමුන්ට හුගක් දේවල් දැනගන්න පුළුවන් |mettananda
sin_2241_4157088146| unanduven udyōgayen mēvāyē nirata viya hæka | උනන්දුවෙන් උද්යෝගයෙන් මේවායේ නිරත විය හැක |mettananda
sin_2241_4246299478| ādāyama satuṭudāyaka maṭṭamaka pavatina atara āgamika kaṭayutu kerehi unanduvak dakvana davasaki | ආදායම සතුටුදායක මට්ටමක පවතින අතර ආගමික කටයුතු කෙරෙහි උනන්දුවක් දක්වන දවසකි |mettananda
sin_2241_4277756245| anēpiṇḍu siṭutumāṭa diyaṇivaru tun denek hiṭiyā | අනේපිඬු සිටුතුමාට දියණිවරු තුන් දෙනෙක් හිටියා |mettananda
sin_2241_4285331626| rṁgana śilpiṇiyak kiyā venas jīvitayak maṭa næhæ | රංගන ශිල්පිණියක් කියා වෙනස් ජීවිතයක් මට නැහැ |mettananda
sin_2241_4370008255| puhudun tænættā niraturuva dakinnē phalaya pamaṇi | පුහුදුන් තැනැත්තා නිරතුරුව දකින්නේ ඵලය පමණි |mettananda
sin_2241_4397240723| minisā labāgena æti utumma dāyādayak vannē parisarayayi | මිනිසා ලබාගෙන ඇති උතුම්ම දායාදයක් වන්නේ පරිසරයයි |mettananda
sin_2241_4754043665| mekī tattvaya raṭak lesa kisi lesakin vat hitakara vūvak novē | මෙකී තත්ත්වය රටක් ලෙස කිසි ලෙසකින් වත් හිතකර වූවක් නොවේ |mettananda
sin_2241_4872639475| akuṇu eḷiyaṭa kāmarē særin særē eḷiya væṭuṇā | අකුණු එළියට කාමරේ සැරින් සැරේ එළිය වැටුණා |mettananda
sin_2241_4911457039| upādhidhārīnṭa parigaṇaka puhuṇuva | උපාධිධාරීන්ට පරිගණක පුහුණුව |mettananda
sin_2241_5145464361| yaturupædi sṭanṭ gæna amutuven kiyanna deyak næhænē | යතුරුපැදි ස්ටන්ට් ගැන අමුතුවෙන් කියන්න දෙයක් නැහැනේ |mettananda
sin_2241_5171949005| mema avasthāvaṭa viśāla bætimatun pirisak sahabhāgī vī siṭiyaha | මෙම අවස්ථාවට විශාල බැතිමතුන් පිරිසක් සහභාගී වී සිටියහ |mettananda
sin_2241_5478392200| pasa tuḷa ahitakara bækṭīriyā dilīra vardhanaya vīma | පස තුළ අහිතකර බැක්ටීරියා දිලීර වර්ධනය වීම |mettananda
sin_2241_5531575649| apa nidahas māvata digē gos aturu pārakaṭa hærunemu | අප නිදහස් මාවත දිගේ ගොස් අතුරු පාරකට හැරුනෙමු |mettananda
sin_2241_5545272033| sṭæfarḍ mōṭars āyatanaya maṉgin eya iṭu kara dīmaṭa maṉga sælæs vūyē vimaladāsa perērāya | ස්ටැෆර්ඩ් මෝටර්ස් ආයතනය මඟින් එය ඉටු කර දීමට මඟ සැලැස් වූයේ විමලදාස පෙරේරාය |mettananda
sin_2241_5577248646| tāyilantayē viśālatama nagaraya vannē bæṁkokya | තායිලන්තයේ විශාලතම නගරය වන්නේ බැංකොක්ය |mettananda
sin_2241_5737322470| ōgollanṭa kaṉdavuru gahannat metana hækiyāva tiyenavā | ඕගොල්ලන්ට කඳවුරු ගහන්නත් මෙතන හැකියාව තියෙනවා |mettananda
sin_2241_5856425003| ādivāsīngē sirit virit puda pūjā adat dækagata hækiya | ආදිවාසීන්ගේ සිරිත් විරිත් පුද පූජා අදත් දැකගත හැකිය |mettananda
sin_2241_5939934305| etanin passe jōnge jīvitē venasma pættakaṭa peralenavā | එතනින් පස්සෙ ජෝන්ගෙ ජීවිතේ වෙනස්ම පැත්තකට පෙරලෙනවා |mettananda
sin_2241_5961008980| æfganistānaya pakistānaya timōraya da ema raṭaval ataraṭa ekvē | ඇෆ්ගනිස්තානය පකිස්තානය තිමෝරය ද එම රටවල් අතරට එක්වේ |mettananda
sin_2241_5961160525| mēvā kesē nam aitihāsika bhautikavādayat samaṉga pæna næṉgennē da | මේවා කෙසේ නම් ඓතිහාසික භෞතිකවාදයත් සමඟ පැන නැඟෙන්නේ ද |mettananda
sin_2241_5983855127| ātma śaktiya mænavin goḍanægena māsayak da vē | ආත්ම ශක්තිය මැනවින් ගොඩනැගෙන මාසයක් ද වේ |mettananda
sin_2241_6077399409| mē niścala chāyārūpaya ṭom hǣnks raṉga pǣ sinamā paṭayakini | මේ නිශ්චල ඡායාරූපය ටොම් හෑන්ක්ස් රඟ පෑ සිනමා පටයකිනි |mettananda
sin_2241_6131765660| mema kuṇāṭuva mīṭar hatak dakvā usva næṉgī tibuṇi | මෙම කුණාටුව මීටර් හතක් දක්වා උස්ව නැඟී තිබුණි |mettananda
sin_2241_6164526854| mē situvilla anun kerehi paturuvā harinnaki | මේ සිතුවිල්ල අනුන් කෙරෙහි පතුරුවා හරින්නකි |mettananda
sin_2241_6173212296| tavada koṭā pāra saha bauddhālōka māvata yana mārgayanhi vāhana tadabadayak nomæti bava polisiya kiyā siṭiyi | තවද කොටා පාර සහ බෞද්ධාලෝක මාවත යන මාර්ගයන්හි වාහන තදබදයක් නොමැති බව පොලිසිය කියා සිටියි |mettananda
sin_2241_6288088681| æt govvanṭada saramak kamisayak ætuḷu tamanṭa vuvamanā kaḷamanā tǣgi lesa læbeyi | ඇත් ගොව්වන්ටද සරමක් කමිසයක් ඇතුළු තමන්ට වුවමනා කළමනා තෑගි ලෙස ලැබෙයි |mettananda
sin_2241_6446549054| muhudu patulē lōkaya numba samaṉga hæmadāma mituruyi | මුහුදු පතුලේ ලෝකය නුඹ සමඟ හැමදාම මිතුරුයි |mettananda
sin_2241_6481028570| mula siṭama ārakṣāva vunē idiriyaṭa dena ekama tamayi | මුල සිටම ආරක්ෂාව වුනේ ඉදිරියට දෙන එකම තමයි |mettananda
sin_2241_6531403825| un siṁhala bhāṣāvaṭa siritvirit valaṭa vaira karanavā | උන් සිංහල භාෂාවට සිරිත්විරිත් වලට වෛර කරනවා |mettananda
sin_2241_6534612621| mē piḷībaṉdava janayāgē virōdhaya vivēcanaya pæna næṉgūha | මේ පිළීබඳව ජනයාගේ විරෝධය විවේචනය පැන නැඟූහ |mettananda
sin_2241_6541430912| muladī mema guvanviduliyaṭa ādivāsī nāyakayā akamætiviya | මුලදී මෙම ගුවන්විදුලියට ආදිවාසී නායකයා අකමැතිවිය |mettananda
sin_2241_6708103880| dakuṇē ætæm koṭasakut duk viṉdimin innavā | දකුණේ ඇතැම් කොටසකුත් දුක් විඳිමින් ඉන්නවා |mettananda
sin_2241_6861382253| mēkaṭa nāyakatvaya denna sudusuma tamayi apē rajatumā | මේකට නායකත්වය දෙන්න සුදුසුම තමයි අපේ රජතුමා |mettananda
sin_2241_6885399424| rāvaṇā rajatumā gæna taram sākṣi kisima rajatumek gæna saṉdahan nǣ | රාවණා රජතුමා ගැන තරම් සාක්ෂි කිසිම රජතුමෙක් ගැන සඳහන් නෑ |mettananda
sin_2241_7000581434| mīgamu kalapuva lōka uruma parisara paddhatiyan taramaṭa vædagat vana sṁvēdī parisara paddhatiyaki | මීගමු කලපුව ලෝක උරුම පරිසර පද්ධතියන් තරමට වැදගත් වන සංවේදී පරිසර පද්ධතියකි |mettananda
sin_2241_7029336488| mema stūpaya gajabā raju visin devana varaṭa viśāla koṭa baṉdavā æta | මෙම ස්තූපය ගජබා රජු විසින් දෙවන වරට විශාල කොට බඳවා ඇත |mettananda
sin_2241_7163162985| mē nisā kusala karma dahayak sapurā gannaṭa puḷuvan | මේ නිසා කුසල කර්ම දහයක් සපුරා ගන්නට පුළුවන් |mettananda
sin_2241_7249602248| sæṭalayiṭ risīvar ekakut hoyāgatta ḍiṣ ekak nǣ | සැටලයිට් රිසීවර් එකකුත් හොයාගත්ත ඩිෂ් එකක් නෑ |mettananda
sin_2241_7269780178| mēvāṭa viruddha janatāva sṁvidhānaya vī pā gaman giyā | මේවාට විරුද්ධ ජනතාව සංවිධානය වී පා ගමන් ගියා |mettananda
sin_2241_7335788423| muhudaṭa ehā tiyena nagara dekaka vecca siduvīmak matak kara gammu | මුහුදට එහා තියෙන නගර දෙකක වෙච්ච සිදුවීමක් මතක් කර ගම්මු |mettananda
sin_2241_7437300865| yana gaman maṉga gænat poḍḍak kiyanna puḷuvanda | යන ගමන් මඟ ගැනත් පොඩ්ඩක් කියන්න පුළුවන්ද |mettananda
sin_2241_7472301414| muḷu ræsvīma saṉdahā edā viśāla janakāyak pæmiṇa siṭiyaha | මුළු රැස්වීම සඳහා එදා විශාල ජනකායක් පැමිණ සිටියහ |mettananda
sin_2241_7573097860| ruvanmæli sǣyen læbuṇu karaṇḍuvaka mevæni hæḍayak æta | රුවන්මැලි සෑයෙන් ලැබුණු කරඬුවක මෙවැනි හැඩයක් ඇත |mettananda
sin_2241_7669456196| daṉgalannē nætuva iṉdapan | දඟලන්නේ නැතුව ඉඳපන් |mettananda
sin_2241_7770234536| miyagiya pudgalayāṭa karana sæbǣ gauravayak da novē | මියගිය පුද්ගලයාට කරන සැබෑ ගෞරවයක් ද නොවේ |mettananda
sin_2241_7959803271| mēvāṭa pilituru læbenakoṭa nam mūna hirivæṭenavā | මේවාට පිලිතුරු ලැබෙනකොට නම් මූන හිරිවැටෙනවා |mettananda
sin_2241_7997082894| metæna vennē vagakīm hā yutukam gæna kerena sṁvādayak | මෙතැන වෙන්නේ වගකීම් හා යුතුකම් ගැන කෙරෙන සංවාදයක් |mettananda
sin_2241_8056047909| mē væḍa saṉdahā apaṭa væḍihiṭiyangē nomada sahāya læbiṇi | මේ වැඩ සඳහා අපට වැඩිහිටියන්ගේ නොමද සහාය ලැබිණි |mettananda
sin_2241_8312189082| mehi gam væsiyan kisiveku mas māṁśa anubhava nokarayi | මෙහි ගම් වැසියන් කිසිවෙකු මස් මාංශ අනුභව නොකරයි |mettananda
sin_2241_8405129617| mē sitē itāma māyākārī vidihaṭa mema dvēṣaya nirmāṇaya venavā | මේ සිතේ ඉතාම මායාකාරී විදිහට මෙම ද්වේෂය නිර්මාණය වෙනවා |mettananda
sin_2241_8452702249| meya pudgala jīvitayē ætivana avasan sitivillayi | මෙය පුද්ගල ජීවිතයේ ඇතිවන අවසන් සිතිවිල්ලයි |mettananda
sin_2241_8457350842| meya hæṉdinvīmaṭa yedena tavat paryāya padayak vannē | මෙය හැඳින්වීමට යෙදෙන තවත් පර්යාය පදයක් වන්නේ |mettananda
sin_2241_8705683857| mēka minindōru depārtumēntuvē datta anuva vellankarē vila | මේක මිනින්දෝරු දෙපාර්තුමේන්තුවේ දත්ත අනුව වෙල්ලන්කරේ විල |mettananda
sin_2241_8709881905| pannipiṭiye depānama dēvāla pāre gihin gala uḍa pansala kiyalā æhuvanam ōka kenek kiyayi | පන්නිපිටියෙ දෙපානම දේවාල පාරෙ ගිහින් ගල උඩ පන්සල කියලා ඇහුවනම් ඕක කෙනෙක් කියයි |mettananda
sin_2241_8833594116| iḍak læbuṇot mē behetat piṭaraṭaṭa vikuṇā ganīvi | ඉඩක් ලැබුණොත් මේ බෙහෙතත් පිටරටට විකුණා ගනීවි |mettananda
sin_2241_8861238822| āsiyānu niṣpādanavādaya piḷibaṉda māksgē adahasayi | ආසියානු නිෂ්පාදනවාදය පිළිබඳ මාක්ස්ගේ අදහසයි |mettananda
sin_2241_9030374175| mīmurē tava duraṭat ārakṣita tænak noveyi | මීමුරේ තව දුරටත් ආරක්ෂිත තැනක් නොවෙයි |mettananda
sin_2241_9170939058| yuddhaya kiyannēma mānava himikam nætivena avasthāvak nē | යුද්ධය කියන්නේම මානව හිමිකම් නැතිවෙන අවස්ථාවක් නේ |mettananda
sin_2241_9304867830| selān samaga īṭa viśāla venasak notibuṇat kamarṣal bæṁkuvaṭa etaram miḷak ættē mandæyi hitā gannavat bæhæ | සෙලාන් සමග ඊට විශාල වෙනසක් නොතිබුණත් කමර්ෂල් බැංකුවට එතරම් මිළක් ඇත්තේ මන්දැයි හිතා ගන්නවත් බැහැ |mettananda
sin_2241_9353193483| īṭapasse hemi hemin ahasaṭa piyāmbanna paṭan gattā | ඊටපස්සෙ හෙමි හෙමින් අහසට පියාඹන්න පටන් ගත්තා |mettananda
sin_2241_9373766440| dharmāśōka rajatumā ē tænvala kuḷuṇu pihiṭevvā | ධර්මාශෝක රජතුමා ඒ තැන්වල කුළුණු පිහිටෙව්වා |mettananda
sin_2241_9472922689| īḷagaṭa koṭasa mama aran ennam puḷuvan ikmanin | ඊළගට කොටස මම අරන් එන්නම් පුළුවන් ඉක්මනින් |mettananda
sin_2241_9594771771| viśākage caritayaṭa māva yōjanā karalā tibuṇē nehārā pīris | විශාකගෙ චරිතයට මාව යෝජනා කරලා තිබුණේ නෙහාරා පීරිස් |mettananda
sin_2241_9656525366| ārakṣaka aṁśayaṭa sambandha goḍak aya mē horunṭa ahuvenavā | ආරක්ෂක අංශයට සම්බන්ධ ගොඩක් අය මේ හොරුන්ට අහුවෙනවා |mettananda
sin_2241_9678229376| menna mē vagē vidimat katikāvakin apa kāṭat hadenna hækiyi | මෙන්න මේ වගේ විදිමත් කතිකාවකින් අප කාටත් හදෙන්න හැකියි |mettananda
sin_2241_9685884087| bohō denek sudu æṉduma mebaṉdu avasthāvala dī bhāvitayaṭa ganiti | බොහෝ දෙනෙක් සුදු ඇඳුම මෙබඳු අවස්ථාවල දී භාවිතයට ගනිති |mettananda
sin_2241_9704365016| adahas dakvana yāḷuvo hæmōṭamat bohoma stūtiyi | අදහස් දක්වන යාළුවො හැමෝටමත් බොහොම ස්තූතියි |mettananda
sin_2241_9783455642| api pasugiya koṭasa gæna matak karagammu | අපි පසුගිය කොටස ගැන මතක් කරගම්මු |mettananda
sin_2241_9939950696| mema japāna rājadhāniyē sāmaya ārakṣā kaḷē samurāyi varu visinuyi | මෙම ජපාන රාජධානියේ සාමය ආරක්ෂා කළේ සමුරායි වරු විසිනුයි |mettananda
sin_2282_0021599733| mema nivasaṭa apa yana viṭadī vasā damā tibūṇu atara nivasē kisivaku nosiṭiyēya | මෙම නිවසට අප යන විටදී වසා දමා තිබූණු අතර නිවසේ කිසිවකු නොසිටියේය |mettananda
sin_2282_0259733284| matpæn dumvæṭi genvā gannā piyavaru siṭiti | මත්පැන් දුම්වැටි ගෙන්වා ගන්නා පියවරු සිටිති |mettananda
sin_2282_0272883957| idiri pæya kihipayē kaḷa yuttē kumakdæyi nodanī | ඉදිරි පැය කිහිපයේ කළ යුත්තේ කුමක්දැයි නොදනී |mettananda
sin_2282_0388541935| akamætta hā kæmætta sægavīma atara ættē sǣhenna venasaki | අකමැත්ත හා කැමැත්ත සැගවීම අතර ඇත්තේ සෑහෙන්න වෙනසකි |mettananda
sin_2282_0404487808| muhudu raḷa vēgayen gal paravala gæṭī sṁsiṉdī yayi | මුහුදු රළ වේගයෙන් ගල් පරවල ගැටී සංසිඳී යයි |mettananda
sin_2282_0434573169| rēgan daruṇu caritayak vūyē piyāgē akaruṇāva nisāya | රේගන් දරුණු චරිතයක් වූයේ පියාගේ අකරුණාව නිසාය |mettananda
sin_2282_0436920105| adhikaraṇa bhūmiyēdī pavā pudgalayin aturudan karanavā | අධිකරණ භූමියේදී පවා පුද්ගලයින් අතුරුදන් කරනවා |mettananda
sin_2282_0450101662| mē film ekē innet eḍī marfi | මේ ෆිල්ම් එකේ ඉන්නෙත් එඩී මර්ෆි |mettananda
sin_2282_0472859551| iraṭu kūrak amuven kæmati hæḍayakaṭa næviya hæki ya | ඉරටු කූරක් අමුවෙන් කැමති හැඩයකට නැවිය හැකි ය |mettananda
sin_2282_0570725129| mēvā mūlika yugaya tuḷa hoṉdin væḍilā tibuṇē nǣ | මේවා මූලික යුගය තුළ හොඳින් වැඩිලා තිබුණේ නෑ |mettananda
sin_2282_0602730201| metæna utura hā dakuṇa venvana kaḍima hæṭiyaṭa sælakē | මෙතැන උතුර හා දකුණ වෙන්වන කඩඉම හැටියට සැලකේ |mettananda
sin_2282_0729525242| jātika lotaræyi maṇḍalayē nīrōgā lotaræyi aleviyen lada adāyamen jātika vakugaḍu aramudalaṭa rupiyal kōṭiyaka mudalak | ජාතික ලොතරැයි මණ්ඩලයේ නීරෝගා ලොතරැයි අලෙවියෙන් ලද අදායමෙන් ජාතික වකුගඩු අරමුදලට රුපියල් කෝටියක මුදලක් |mettananda
sin_2282_0783035037| kinniyā pankulama pasukara mema uṇudiya ulpat veta pivisiya hæki vē | කින්නියා පන්කුලම පසුකර මෙම උණුදිය උල්පත් වෙත පිවිසිය හැකි වේ |mettananda
sin_2282_0807739690| yana gaman poḍi adahasakut oya pahaḷin dāgena yanna | යන ගමන් පොඩි අදහසකුත් ඔය පහළින් දාගෙන යන්න |mettananda
sin_2282_0837852035| medā pāra polisiyen bērenna mē denna monavā karayida | මෙදා පාර පොලිසියෙන් බේරෙන්න මේ දෙන්න මොනවා කරයිද |mettananda
sin_2282_0941919114| rusiyānu janādhipativarayā ræsva siṭi janakāya æmatīya | රුසියානු ජනාධිපතිවරයා රැස්ව සිටි ජනකාය ඇමතීය |mettananda
sin_2282_0945568681| mīṭa kalin hiṭapu minissu meccara cāṭar unē nǣ neva | මීට කලින් හිටපු මිනිස්සු මෙච්චර චාටර් උනේ නෑ නෙව |mettananda
sin_2282_1144218601| mekī daruvā tavat daruvan pirisak samaṉga sellam karamin | මෙකී දරුවා තවත් දරුවන් පිරිසක් සමඟ සෙල්ලම් කරමින් |mettananda
sin_2282_1170757756| svalpa vēlāvakin tamā kurām etænaṭa āvē | ස්වල්ප වේලාවකින් තමා කුරාම් එතැනට ආවේ |mettananda
sin_2282_1190252972| ekamutu vuṇot mē lōke karanna bæri deyak nǣ | එකමුතු වුණොත් මේ ලෝකෙ කරන්න බැරි දෙයක් නෑ |mettananda
sin_2282_1306824157| menna ū baraṭa bara aḍi tiya tiyā ahasē hæma tænama ævidinavā | මෙන්න ඌ බරට බර අඩි තිය තියා අහසේ හැම තැනම ඇවිදිනවා |mettananda
sin_2282_1322388247| ṭayigar vuḍsṭanam vividhatvaya ētaram nupurudu venna bǣ | ටයිගර් වුඩ්ස්ටනම් විවිධත්වය ඒතරම් නුපුරුදු වෙන්න බෑ |mettananda
sin_2282_1519089911| kavurunda kiyalā nam vaśayen kiyanna puḷuvanda | කවුරුන්ද කියලා නම් වශයෙන් කියන්න පුළුවන්ද |mettananda
sin_2282_1620917825| maṭa hituṇa āyet kōcciya peraluṇa tænaṭa yanna ōna kiyala | මට හිතුණ ආයෙත් කෝච්චිය පෙරලුණ තැනට යන්න ඕන කියල |mettananda
sin_2282_1698850211| mehidī nāyakayāṭa kisiyam aramuṇak tibiya yutuya | මෙහිදී නායකයාට කිසියම් අරමුණක් තිබිය යුතුය |mettananda
sin_2282_1774969661| mēkiṭa mokakdō amutu amāruvak tiyenava marā gæna | මේකිට මොකක්දෝ අමුතු අමාරුවක් තියෙනව මරා ගැන |mettananda
sin_2282_1983652553| mēvā siṁhala vikiyaṭat mehemmama dānnat puḷuvan vagē nēda | මේවා සිංහල විකියටත් මෙහෙම්මම දාන්නත් පුළුවන් වගේ නේද |mettananda
sin_2282_2008311871| metænadī api sparśaya pāvicci karannē avabōdhayak piṇisayi | මෙතැනදී අපි ස්පර්ශය පාවිච්චි කරන්නේ අවබෝධයක් පිණිසයි |mettananda
sin_2282_2140134972| hitāganna puḷuvannē film eka kohomaṭa ætida kiyalā | හිතාගන්න පුළුවන්නේ ෆිල්ම් එක කොහොමට ඇතිද කියලා |mettananda
sin_2282_2248128461| ādivāsīnṭa nidahasē jīvatvenna iḍadenna kiyalā | ආදිවාසීන්ට නිදහසේ ජීවත්වෙන්න ඉඩදෙන්න කියලා |mettananda
sin_2282_2354545027| anē siṁhala kavruhari denavanam koccara hoṉdayida | අනේ සිංහල කව්රුහරි දෙනවනම් කොච්චර හොඳයිද |mettananda
sin_2282_2381226010| muhamālē bṁkar valaṭa mūlikavama dæmme yāpanē aya | මුහමාලේ බංකර් වලට මූලිකවම දැම්මෙ යාපනේ අය |mettananda
sin_2282_2476116377| upādhidhārī væḍasaṭahana sambandhayenda tatvaya meyama vē | උපාධිධාරී වැඩසටහන සම්බන්ධයෙන්ද තත්වය මෙයම වේ |mettananda
sin_2282_2528453855| pæṁcāgē ammāgē karadara aḍu vuṇā | පැංචාගේ අම්මාගේ කරදර අඩු වුණා |mettananda
sin_2282_2554439777| mulin ehema ēvā siṁhalaṭa hærevvē detun denek | මුලින් එහෙම ඒවා සිංහලට හැරෙව්වේ දෙතුන් දෙනෙක් |mettananda
sin_2282_2674146933| mōhaya āyemat matuvelā māva nomaṉga yavanna hadanavā | මෝහය ආයෙමත් මතුවෙලා මාව නොමඟ යවන්න හදනවා |mettananda
sin_2282_2724831132| tavat bohō karuṇu rāśiyak bauddha vṁśa katāvaṭa anuva peḷa gæsī tibīma viśēṣitaya | තවත් බොහෝ කරුණු රාශියක් බෞද්ධ වංශ කතාවට අනුව පෙළ ගැසී තිබීම විශේෂිතය |mettananda
sin_2282_2844856713| mema væsi kālaya tuḷa kurullō da kūḍuvalaṭa vī siṭiti | මෙම වැසි කාලය තුළ කුරුල්ලෝ ද කූඩුවලට වී සිටිති |mettananda
sin_2282_2885408035| kǣma jāti dækala poḍḍak vitara kēnti gihin vagē | කෑම ජාති දැකල පොඩ්ඩක් විතර කේන්ති ගිහින් වගේ |mettananda
sin_2282_2935984036| igena gannā karuṇut mahat utsāhayakin yutuva igena gannavā | ඉගෙන ගන්නා කරුණුත් මහත් උත්සාහයකින් යුතුව ඉගෙන ගන්නවා |mettananda
sin_2282_3224825662| menna katandarakārayā gē samāja sēvayen biṉdak menna | මෙන්න කතන්දරකාරයා ගේ සමාජ සේවයෙන් බිඳක් මෙන්න |mettananda
sin_2282_3237323749| apācī yanu æmerikāvē nipadavana helikopṭar vargayeki | අපාචී යනු ඇමෙරිකාවේ නිපදවන හෙලිකොප්ටර් වර්ගයෙකි |mettananda
sin_2282_3362587242| devanuva sadahan kalē lōvæḍa sagarāvē sadahan kaviyakya | දෙවනුව සදහන් කලේ ලෝවැඩ සගරාවේ සදහන් කවියක්ය |mettananda
sin_2282_3424249530| ægē dǣs kaṉdulen tet vī tibuṇada ǣ nohæṇḍuvāya | ඇගේ දෑස් කඳුලෙන් තෙත් වී තිබුණද ඈ නොහැඬුවාය |mettananda
sin_2282_3459567898| mehidī rajugē kāryabhāraya salakā bælīma vædagat ya | මෙහිදී රජුගේ කාර්යභාරය සලකා බැලීම වැදගත් ය |mettananda
sin_2282_3463443604| śānta lusiyā nægenahira kærabiyan muhudē pihiṭi dūpat raṭaki | ශාන්ත ලුසියා නැගෙනහිර කැරබියන් මුහුදේ පිහිටි දූපත් රටකි |mettananda
sin_2282_3536851957| akamætten vunat tāttāt mēkaṭa kæmati venavā | අකමැත්තෙන් වුනත් තාත්තාත් මේකට කැමති වෙනවා |mettananda
sin_2282_3595923351| eccara dēval bihi karanna dæn vaṭapiṭāvak næhæ | එච්චර දේවල් බිහි කරන්න දැන් වටපිටාවක් නැහැ |mettananda
sin_2282_3690162757| ema yānā sēvayaṭa yodavā ættē emrēṭs kvānṭās siṁgpūr saha kætē pæsifik yana guvan sēvā visini | එම යානා සේවයට යොදවා ඇත්තේ එම්රේට්ස් ක්වාන්ටාස් සිංග්පූර් සහ කැතේ පැසිෆික් යන ගුවන් සේවා විසිනි |mettananda
sin_2282_3763216109| edāṭa æya navakatā potak asse dāla liyumak evanavā | එදාට ඇය නවකතා පොතක් අස්සෙ දාල ලියුමක් එවනවා |mettananda
sin_2282_3781837298| mēkanam mama hitannē goḍa denak balalā nætuva æti | මේකනම් මම හිතන්නේ ගොඩ දෙනක් බලලා නැතුව ඇති |mettananda
sin_2282_3926337952| mema pālama saṉdahā væḍa ārambha karamin sthāpita kaḷa samaru phalakaya da aturudahanva tibē | මෙම පාලම සඳහා වැඩ ආරම්භ කරමින් ස්ථාපිත කළ සමරු ඵලකය ද අතුරුදහන්ව තිබේ |mettananda
sin_2282_4127755620| pudgalika vaśayen pudgalayā sṁvardhanayaṭa pæmiṇi | පුද්ගලික වශයෙන් පුද්ගලයා සංවර්ධනයට පැමිණි |mettananda
sin_2282_4358310193| mīṭar hayasiya tishatarak usin yutuva lōkayē usama kuḷuṇa japānayē idivemin pavatī | මීටර් හයසිය තිස්හතරක් උසින් යුතුව ලෝකයේ උසම කුළුණ ජපානයේ ඉදිවෙමින් පවතී |mettananda
sin_2282_4427380654| basaya yamkisi vēgayakin gaman karana bava api danimu | බසය යම්කිසි වේගයකින් ගමන් කරන බව අපි දනිමු |mettananda
sin_2282_4454251952| mudalma neveyi jīvitē eyaṭa vaḍā gæmburu arthayak tiyenavā | මුදල්ම නෙවෙයි ජීවිතේ එයට වඩා ගැඹුරු අර්ථයක් තියෙනවා |mettananda
sin_2282_4633549482| indiyāva samaharaviṭa sadākālika haturek vennat tibuṇā | ඉන්දියාව සමහරවිට සදාකාලික හතුරෙක් වෙන්නත් තිබුණා |mettananda
sin_2282_4825703159| emenma japānayen da mema vargayē nirmāṇa bihiviya | එමෙන්ම ජපානයෙන් ද මෙම වර්ගයේ නිර්මාණ බිහිවිය |mettananda
sin_2282_4855879268| meya indiyāvē miyanmār doraṭuva namæti sthānayē pihiṭā æta | මෙය ඉන්දියාවේ මියන්මාර් දොරටුව නමැති ස්ථානයේ පිහිටා ඇත |mettananda
sin_2282_4920765725| mehen eka ekāge aha gatta vidiyaṭa nṁ ohomaya | මෙහෙන් එක එකාගෙ අහ ගත්ත විදියට නං ඔහොමය |mettananda
sin_2282_4974678151| meccara kālayak api venuven karapu kæpa kirīmaṭa | මෙච්චර කාලයක් අපි වෙනුවෙන් කරපු කැප කිරීමට |mettananda
sin_2282_4980926918| umba duṭugæmuṇu rajatumāṭa karapu apahāsayaṭa vandi gevanna veyi | උඹ දුටුගැමුණු රජතුමාට කරපු අපහාසයට වන්දි ගෙවන්න වෙයි |mettananda
sin_2282_5037140247| mē maḍa vagurehi siṭina tænættā maḍehi ereyi | මේ මඩ වගුරෙහි සිටින තැනැත්තා මඩෙහි එරෙයි |mettananda
sin_2282_5119011309| mehi ran ridiyen karana ganudenuvak nættē ya | මෙහි රන් රිදියෙන් කරන ගනුදෙනුවක් නැත්තේ ය |mettananda
sin_2282_5121117411| mīṭa pera rayigam uḷalēdīt mē caritayaṭa tamayi hoṉdama niḷiya vuṇē | මීට පෙර රයිගම් උළලේදීත් මේ චරිතයට තමයි හොඳම නිළිය වුණේ |mettananda
sin_2282_5121271731| atavæssō ē veta etumangē aḍuma kuḍuma osavāgena giyaha | අතවැස්සෝ ඒ වෙත එතුමන්ගේ අඩුම කුඩුම ඔසවාගෙන ගියහ |mettananda
sin_2282_5182235306| avṁka dēśapālakayekuṭa ituruvelā innē meccarayi | අවංක දේශපාලකයෙකුට ඉතුරුවෙලා ඉන්නේ මෙච්චරයි |mettananda
sin_2282_5189595995| muḷu vælivēriya nagarayama sudu koḍivalin sarasā tibiṇi | මුළු වැලිවේරිය නගරයම සුදු කොඩිවලින් සරසා තිබිණි |mettananda
sin_2282_5287697350| pāli bhāṣāva gæna mē taram unandu viya yuttē æyi | පාලි භාෂාව ගැන මේ තරම් උනන්දු විය යුත්තේ ඇයි |mettananda
sin_2282_5395978311| unut itin væḍiya gaṇan nogena nikan innavā | උනුත් ඉතින් වැඩිය ගණන් නොගෙන නිකන් ඉන්නවා |mettananda
sin_2282_5452681774| mēnisā ukusu uvaduraṭa lak karagænīma apahasu viya | මේනිසා උකුසු උවදුරට ලක් කරගැනීම අපහසු විය |mettananda
sin_2282_5518973475| mē nisā sat puruṣayan lesa jīvat vīma vædagat ya | මේ නිසා සත් පුරුෂයන් ලෙස ජීවත් වීම වැදගත් ය |mettananda
sin_2282_5580411108| menna mē hakgeḍiyē pæhæyaṭa hærenavā æṭa sækilla | මෙන්න මේ හක්ගෙඩියේ පැහැයට හැරෙනවා ඇට සැකිල්ල |mettananda
sin_2282_5662352359| mudalāli apiṭa dānnakō ara biskaṭ pækaṭ dekakut | මුදලාලි අපිට දාන්නකෝ අර බිස්කට් පැකට් දෙකකුත් |mettananda
sin_2282_5667544811| mihin lṁkā guvan sēvayada meyaṭa ayat guvan sēvayaki | මිහින් ලංකා ගුවන් සේවයද මෙයට අයත් ගුවන් සේවයකි |mettananda
sin_2282_5771873256| mekī gītayaṭa ohu nam dī tibuṇē vṁkagiriyaṭa piṭat vīma lesini | මෙකී ගීතයට ඔහු නම් දී තිබුණේ වංකගිරියට පිටත් වීම ලෙසිනි |mettananda
sin_2282_5795826298| mehidī viśēṣayen avadhānayaṭa gata yutu karuṇak veyi | මෙහිදී විශේෂයෙන් අවධානයට ගත යුතු කරුණක් වෙයි |mettananda
sin_2282_5796582272| śānta lusiyā nægenahira kærabiyan muhudē pihiṭi dūpat raṭaki | ශාන්ත ලුසියා නැගෙනහිර කැරබියන් මුහුදේ පිහිටි දූපත් රටකි |mettananda
sin_2282_5895470503| ohu mahanuvara rajamahā vihāraya tænavūyēya | ඔහු මහනුවර රජමහා විහාරය තැනවූයේය |mettananda
sin_2282_5964377708| mēkat væradunā kiyalā hitaddī kaṭin uṇu lē piṭavunā | මේකත් වැරදුනා කියලා හිතද්දී කටින් උණු ලේ පිටවුනා |mettananda
sin_2282_6192665313| metek kal hiru udāva siduvuṇē samanala kandaṭa tevarak namaskāra karamin | මෙතෙක් කල් හිරු උදාව සිදුවුණේ සමනල කන්දට තෙවරක් නමස්කාර කරමින් |mettananda
sin_2282_6220388906| bayiskōp vasara pahē sṁvatsaraya venuven mama suba patanavā | බයිස්කෝප් වසර පහේ සංවත්සරය වෙනුවෙන් මම සුබ පතනවා |mettananda
sin_2282_6220755573| mesē ovuhu thēravādi sṁgha gaṇayaṭa piḷiganu læbūha | මෙසේ ඔවුහු ථේරවාදි සංඝ ගණයට පිළිගනු ලැබූහ |mettananda
sin_2282_6365641562| ajāsat rajatumāgē æt sēnāvē ati bhayānaka ætek siṭiyā | අජාසත් රජතුමාගේ ඇත් සේනාවේ අති භයානක ඇතෙක් සිටියා |mettananda
sin_2282_6767204904| metanadī loku hæḍayak hiṭinna loku bæsmakaṭa baṭa dæmmē | මෙතනදී ලොකු හැඩයක් හිටින්න ලොකු බැස්මකට බට දැම්මේ |mettananda
sin_2282_7107741318| nægenahira desaṭa galā basina nayijar gṁgāva ārambha vannē giniyāveni | නැගෙනහිර දෙසට ගලා බසින නයිජර් ගංගාව ආරම්භ වන්නේ ගිනියාවෙනි |mettananda
sin_2282_7306015716| atipujanīya kiribatgoḍa ñānānanda svāmin vahansēṭa māgē namaskāraya vēvā | අතිපුජනීය කිරිබත්ගොඩ ඤානානන්ද ස්වාමින් වහන්සේට මාගේ නමස්කාරය වේවා |mettananda
sin_2282_7348929598| mē bōsatāṇan vahansē budu vūvāṭa pasu dakinnaṭa læbēda | මේ බෝසතාණන් වහන්සේ බුදු වූවාට පසු දකින්නට ලැබේද |mettananda
sin_2282_7573934326| baṇḍāranāyaka bæhæ kivuva pāra un ēka aśōk lēlanḍ kiyala indiyāvē dæmma | බණ්ඩාරනායක බැහැ කිවුව පාර උන් ඒක අශෝක් ලේලන්ඩ් කියල ඉන්දියාවේ දැම්ම |mettananda
sin_2282_7659803756| mēvāyē kaṭayutuvalaṭa saturu pīḍā matu karana māsayaki | මේවායේ කටයුතුවලට සතුරු පීඩා මතු කරන මාසයකි |mettananda
sin_2282_7854574177| mema puhuṇuva hediyanṭa dunnot eya venas veyi | මෙම පුහුණුව හෙදියන්ට දුන්නොත් එය වෙනස් වෙයි |mettananda
sin_2282_7976731096| mē buddha caritaya tuḷa daknaṭa æti samānātmatāvayi | මේ බුද්ධ චරිතය තුළ දක්නට ඇති සමානාත්මතාවයි |mettananda
sin_2282_8104820467| mē vihāra itihāsaya anurādhapura yugayē ārambhaya tek divayayi | මේ විහාර ඉතිහාසය අනුරාධපුර යුගයේ ආරම්භය තෙක් දිවයයි |mettananda
sin_2282_8147362808| ætta katāva siṁhalayō kohenvat mehi pæmiṇa næta | ඇත්ත කතාව සිංහලයෝ කොහෙන්වත් මෙහි පැමිණ නැත |mettananda
sin_2282_8205374665| mē piḷibaṉda apa buddhimat va kalpanā kaḷa yutu ya | මේ පිළිබඳ අප බුද්ධිමත් ව කල්පනා කළ යුතු ය |mettananda
sin_2282_8232889772| okkoma hindi teliṉgu filmsnē | ඔක්කොම හින්දි තෙලිඟු ෆිල්ම්ස්නේ |mettananda
sin_2282_8380884362| mema dvitva ghātanayē parīkṣaṇa kaṭayutu mona ākārayakada pavatinnē | මෙම ද්විත්ව ඝාතනයේ පරීක්ෂණ කටයුතු මොන ආකාරයකද පවතින්නේ |mettananda
sin_2282_8427486285| poḷonnaruvē gal vihārayē hiṉdi piḷimaya mevænnaki | පොළොන්නරුවේ ගල් විහාරයේ හිඳි පිළිමය මෙවැන්නකි |mettananda
sin_2282_8512832125| mē vidihaṭa ohugē jīvitaya panas pas avuruddak gevunā | මේ විදිහට ඔහුගේ ජීවිතය පනස් පස් අවුරුද්දක් ගෙවුනා |mettananda
sin_2282_8643512444| sampat bæṁkuvē ārambhaka mudala avama namut pavatvāgænīmē vārṣika mudala ihaḷa nisā mul lābhaya in nætivī yanavā | සම්පත් බැංකුවේ ආරම්භක මුදල අවම නමුත් පවත්වාගැනීමේ වාර්ෂික මුදල ඉහළ නිසා මුල් ලාභය ඉන් නැතිවී යනවා |mettananda
sin_2282_8726828333| oya sælaḍ eka hadannakō mama oyāṭa kiri eka hadanakan | ඔය සැලඩ් එක හදන්නකෝ මම ඔයාට කිරි එක හදනකන් |mettananda
sin_2282_8765322300| meya kalakadī samasta kitunu lōkayēma viśiṣṭatama dēvasthānaya viya | මෙය කලකදී සමස්ත කිතුනු ලෝකයේම විශිෂ්ටතම දේවස්ථානය විය |mettananda
sin_2282_8785854951| mema æmativarayā taruṇayeku novana atara vivāha vīmaṭa yannē devæni varaṭayi | මෙම ඇමතිවරයා තරුණයෙකු නොවන අතර විවාහ වීමට යන්නේ දෙවැනි වරටයි |mettananda
sin_2282_8894132403| balannakō mē mama liyapu komenṭ eka gæna maṭama læjjayi | බලන්නකෝ මේ මම ලියපු කොමෙන්ට් එක ගැන මටම ලැජ්ජයි |mettananda
sin_2282_8920241225| mīgamuva rōhalē siṭa rāgama rōhalayaṭa gena yana atara vārayēdī æya miya giyāya | මීගමුව රෝහලේ සිට රාගම රෝහලයට ගෙන යන අතර වාරයේදී ඇය මිය ගියාය |mettananda
sin_2282_9020641694| mun apiva andana ekē tavat piyavarak pamaṇayi ōka | මුන් අපිව අන්දන එකේ තවත් පියවරක් පමණයි ඕක |mettananda
sin_2282_9177027165| æt rajā ādara bhaktiyen yutuva tavat sivuraṭa ḷṁ vunā | ඇත් රජා ආදර භක්තියෙන් යුතුව තවත් සිවුරට ළං වුනා |mettananda
sin_2282_9423337155| dharmaya tuḷin rækavaraṇaya læbū sita anna ē vagēmayi | ධර්මය තුළින් රැකවරණය ලැබූ සිත අන්න ඒ වගේමයි |mettananda
sin_2282_9519354859| devæni adiyara novæmbarayē ārambha kirīmaṭa niyamitaya | දෙවැනි අදියර නොවැම්බරයේ ආරම්භ කිරීමට නියමිතය |mettananda
sin_2282_9767603851| ballan hat aṭa denekugē rṁcuvakda dækagata hækiviya | බල්ලන් හත් අට දෙනෙකුගේ රංචුවක්ද දැකගත හැකිවිය |mettananda
sin_2282_9790530699| muslim siṁhala jātīn degollanma nævata padiṁci kaḷa yutuyi | මුස්ලිම් සිංහල ජාතීන් දෙගොල්ලන්ම නැවත පදිංචි කළ යුතුයි |mettananda
sin_2282_9964014654| mēvāṭa bohō viṭa balaya sapayannē surya kōṣa maṉgin | මේවාට බොහෝ විට බලය සපයන්නේ සුර්ය කෝෂ මඟින් |mettananda
sin_2282_9999357802| mema nidahas aragalayehi nāyakayan vūyē vilbāvē saha kæppeṭipola disāvēya | මෙම නිදහස් අරගලයෙහි නායකයන් වූයේ විල්බාවේ සහ කැප්පෙටිපොල දිසාවේය |mettananda
sin_3531_0217643271| metana pæya kīyak vagē gata karanna puluvan tænakda sahō | මෙතන පැය කීයක් වගේ ගත කරන්න පුලුවන් තැනක්ද සහෝ |mettananda
sin_3531_0243441176| galpara atara ævida yāmē dī pǣguṇahot maraṇaya siduvē | ගල්පර අතර ඇවිද යාමේ දී පෑගුණහොත් මරණය සිදුවේ |mettananda
sin_3531_0427588271| mema utsavaya væḍiduraṭat æmatū janādhipativarayā mesēda pævasīya | මෙම උත්සවය වැඩිදුරටත් ඇමතූ ජනාධිපතිවරයා මෙසේද පැවසීය |mettananda
sin_3531_0485817312| bera vādana kalāvaṭa aḷutin ekvū pirisda veti | බෙර වාදන කලාවට අළුතින් එක්වූ පිරිස්ද වෙති |mettananda
sin_3531_0559614329| mēke katāva divayanne taruṇa ḷamayin kīpadenek vaṭā | මේකෙ කතාව දිවයන්නෙ තරුණ ළමයින් කීපදෙනෙක් වටා |mettananda
sin_3531_0636471621| muva gahanaya daranna bæri gānaṭa enne nætuva pālanaya unā | මුව ගහනය දරන්න බැරි ගානට එන්නෙ නැතුව පාලනය උනා |mettananda
sin_3531_0691721431| mema siddhāntaya anuva dukehi upata pañca upādānakkandhayē upatayi | මෙම සිද්ධාන්තය අනුව දුකෙහි උපත පඤ්ච උපාදානක්කන්ධයේ උපතයි |mettananda
sin_3531_0726449422| meya neḷā ættē depayin siṭagena siṭina ākārayaṭaya | මෙය නෙළා ඇත්තේ දෙපයින් සිටගෙන සිටින ආකාරයටය |mettananda
sin_3531_0777684888| mīṭa væḍiya minissunṭa hitanna tava kopamaṇa dēval tiyenavāda | මීට වැඩිය මිනිස්සුන්ට හිතන්න තව කොපමණ දේවල් තියෙනවාද |mettananda
sin_3531_0795544600| mēka lassana vagēma goḍak duka hitena katāvak ayiyā | මේක ලස්සන වගේම ගොඩක් දුක හිතෙන කතාවක් අයියා |mettananda
sin_3531_0931387094| mēvā nositiya yutu nam sitiya yuttē monavā gæna da | මේවා නොසිතිය යුතු නම් සිතිය යුත්තේ මොනවා ගැන ද |mettananda
sin_3531_0949226064| umba hadannē āsanik katāvat kaṇapiṭa peralanna nē | උඹ හදන්නේ ආසනික් කතාවත් කණපිට පෙරලන්න නේ |mettananda
sin_3531_0989331302| eya janatā vimukti peramuṇaṭa pamaṇak himi vūvak novē | එය ජනතා විමුක්ති පෙරමුණට පමණක් හිමි වූවක් නොවේ |mettananda
sin_3531_1151251583| bera vādanaya itā siyumva hædǣriya yutu kalāvaki | බෙර වාදනය ඉතා සියුම්ව හැදෑරිය යුතු කලාවකි |mettananda
sin_3531_1154143520| mēka mevara oskā sammānayaṭa nirdēśa vecci ekak | මේක මෙවර ඔස්කා සම්මානයට නිර්දේශ වෙච්චි එකක් |mettananda
sin_3531_1204673182| metaram vayasaṭa gihinut mē tænættā væḍa karanavā | මෙතරම් වයසට ගිහිනුත් මේ තැනැත්තා වැඩ කරනවා |mettananda
sin_3531_1304429987| ohu rækiyā soyā giyē kusaginna darā gænīmaṭa bærivana viṭadī pamaṇi | ඔහු රැකියා සොයා ගියේ කුසගින්න දරා ගැනීමට බැරිවන විටදී පමණි |mettananda
sin_3531_1334120610| ātar konan ḍoyil upata læbuvē skoṭlantayē eḍinbarg hidīya | ආතර් කොනන් ඩොයිල් උපත ලැබුවේ ස්කොට්ලන්තයේ එඩින්බර්ග් හිදීය |mettananda
sin_3531_1443100646| agē kaṭahaṇḍehi aviniścita bhāvayak gǣvī tibiṇi | අගේ කටහඬෙහි අවිනිශ්චිත භාවයක් ගෑවී තිබිණි |mettananda
sin_3531_1508828251| mema gāstu nirṇaya kara tibennē mona padanaminda | මෙම ගාස්තු නිර්ණය කර තිබෙන්නේ මොන පදනමින්ද |mettananda
sin_3531_1784797598| ægē ekama āśāva vūyē linkan dhavala mandirayaṭa tērī patvīmayi | ඇගේ එකම ආශාව වූයේ ලින්කන් ධවල මන්දිරයට තේරී පත්වීමයි |mettananda
sin_3531_1885894840| antimēdī rajatumāṭa æmativaru dakina koṭat vamaneṭa āvā | අන්තිමේදී රජතුමාට ඇමතිවරු දකින කොටත් වමනෙට ආවා |mettananda
sin_3531_1922998178| āyet itin digaṭama ehenam upasiræsi demu nēda | ආයෙත් ඉතින් දිගටම එහෙනම් උපසිරැසි දෙමු නේද |mettananda
sin_3531_2144077783| mē evan gæmiyekugē muvin piṭa vū vadan vælaki | මේ එවන් ගැමියෙකුගේ මුවින් පිට වූ වදන් වැලකි |mettananda
sin_3531_2144194787| meccara deyak tērum ganna puḷuvannam mak koranna bæriya | මෙච්චර දෙයක් තේරුම් ගන්න පුළුවන්නම් මක් කොරන්න බැරිය |mettananda
sin_3531_2175710795| mema śilpiyā piḷibaṉdava api maṉdak vimasā balamu | මෙම ශිල්පියා පිළිබඳව අපි මඳක් විමසා බලමු |mettananda
sin_3531_2181483371| mē vistaraya æsennekuṭa ætivannē pahan sṁvēgayaki | මේ විස්තරය ඇසෙන්නෙකුට ඇතිවන්නේ පහන් සංවේගයකි |mettananda
sin_3531_2191173783| mūnu pota tibunat nætat oya dēval venas vennē næhæ | මූනු පොත තිබුනත් නැතත් ඔය දේවල් වෙනස් වෙන්නේ නැහැ |mettananda
sin_3531_2288028081| mēvā suvakirīmaṭa kakāgē koḍiyak elliya yutuya | මේවා සුවකිරීමට කකාගේ කොඩියක් එල්ලිය යුතුය |mettananda
sin_3531_2408005668| umbaṭa æmerikāvē puravæsibāvaya aran æmarikānuvek venna puḷuvan | උඹට ඇමෙරිකාවේ පුරවැසිබාවය අරන් ඇමරිකානුවෙක් වෙන්න පුළුවන් |mettananda
sin_3531_2447228604| mēka taram hitaṭa vædunu venat katāvak næti taram | මේක තරම් හිතට වැදුනු වෙනත් කතාවක් නැති තරම් |mettananda
sin_3531_2477991331| mema dhurayaṭa patvana himinamaṭa siya jīvita kālaya purāvaṭa tanaturē væḍa vāsaya kala hæka | මෙම ධුරයට පත්වන හිමිනමට සිය ජීවිත කාලය පුරාවට තනතුරේ වැඩ වාසය කල හැක |mettananda
sin_3531_3150557727| metæna dī mṁ hitanne mūlika va ma janatāva dænuvat kaḷa yutuyi | මෙතැන දී මං හිතන්නෙ මූලික ව ම ජනතාව දැනුවත් කළ යුතුයි |mettananda
sin_3531_3167012021| mema guvan anatura mulinma duṭu ayek magē piyā | මෙම ගුවන් අනතුර මුලින්ම දුටු අයෙක් මගේ පියා |mettananda
sin_3531_3234625842| ivara venavā kiyala dænenakoṭa poḍi dukakut enavā | ඉවර වෙනවා කියල දැනෙනකොට පොඩි දුකකුත් එනවා |mettananda
sin_3531_3421166864| mudu hā māla kihipayak da mē valen soyā gæniṇi | මුදු හා මාල කිහිපයක් ද මේ වලෙන් සොයා ගැනිණි |mettananda
sin_3531_3469309617| bāhirin dakina dē balalā kisivak tīraṇaya karanna epā | බාහිරින් දකින දේ බලලා කිසිවක් තීරණය කරන්න එපා |mettananda
sin_3531_3685262379| ataramædiyā tamayi ada ēvāyet mila tīraṇaya karannē | අතරමැදියා තමයි අද ඒවායෙත් මිල තීරණය කරන්නේ |mettananda
sin_3531_3793511646| mema pota pansal pustakālayēdī mæya kiyavā tibenavā | මෙම පොත පන්සල් පුස්තකාලයේදී මැය කියවා තිබෙනවා |mettananda
sin_3531_3844053013| pūrva dēvatā yanuven hæṉdinvennē demāpiyanya | පූර්ව දේවතා යනුවෙන් හැඳින්වෙන්නේ දෙමාපියන්ය |mettananda
sin_3531_3846552453| inpasuva hikkaḍuvaṭa gos ættē mīṭa dina gaṇanakaṭa peraya | ඉන්පසුව හික්කඩුවට ගොස් ඇත්තේ මීට දින ගණනකට පෙරය |mettananda
sin_3531_3894490943| mūrtiya sadahā sudusuma iriyavva mē yæyi maṭa sitē | මූර්තිය සදහා සුදුසුම ඉරියව්ව මේ යැයි මට සිතේ |mettananda
sin_3531_4002426506| menisāvenma viṉdina eka pættaka tiyalā apiṭa ikmaninma piṭat venna vuṇā | මෙනිසාවෙන්ම විඳින එක පැත්තක තියලා අපිට ඉක්මනින්ම පිටත් වෙන්න වුණා |mettananda
sin_3531_4128987616| mēka obaṭa ānāpānasati bhāvanāva diyuṇu kirīmaṭa loku rukulak venavā | මේක ඔබට ආනාපානසති භාවනාව දියුණු කිරීමට ලොකු රුකුලක් වෙනවා |mettananda
sin_3531_4176172013| metana vennēt ē vagē væḍak kiyana ekayi mama kivvē | මෙතන වෙන්නේත් ඒ වගේ වැඩක් කියන එකයි මම කිව්වේ |mettananda
sin_3531_4221422564| mē piḷibaṉdava oba vahansēgen karuṇu dæna gænīmaṭa kæmætiyi | මේ පිළිබඳව ඔබ වහන්සේගෙන් කරුණු දැන ගැනීමට කැමැතියි |mettananda
sin_3531_4423884578| mēvā karannā haṉdunvannē bālayā hevat mōḍayā kiyāyi | මේවා කරන්නා හඳුන්වන්නේ බාලයා හෙවත් මෝඩයා කියායි |mettananda
sin_3531_4621341354| æpal vitarak nevē api ḍel ekaṭa katā kalat ahanne plǣn tiyenavada kiyala | ඇපල් විතරක් නෙවේ අපි ඩෙල් එකට කතා කලත් අහන්නෙ ප්ලෑන් තියෙනවද කියල |mettananda
sin_3531_4688851321| oncillā toṭili koyindō dukā harima apūruyi | ඔන්චිල්ලා තොටිලි කොයින්දෝ දුකා හරිම අපූරුයි |mettananda
sin_3531_4738070831| medā pāra tiyennē ælangē anāgataya venuven mituran karana væḍak udesā yana gamanak | මෙදා පාර තියෙන්නේ ඇලන්ගේ අනාගතය වෙනුවෙන් මිතුරන් කරන වැඩක් උදෙසා යන ගමනක් |mettananda
sin_3531_4840614757| ayislantaya uturu atlāntik sāgarayē pihiṭā æti raṭaki | අයිස්ලන්තය උතුරු අත්ලාන්තික් සාගරයේ පිහිටා ඇති රටකි |mettananda
sin_3531_4841767212| mēs nætivena ekaṭa mama nṁ karanne poḍi deyak | මේස් නැතිවෙන එකට මම නං කරන්නෙ පොඩි දෙයක් |mettananda
sin_3531_4900163700| sambudurajāṇan vahansēlā pas namak pahala vena kalpayayi | සම්බුදුරජාණන් වහන්සේලා පස් නමක් පහල වෙන කල්පයයි |mettananda
sin_3531_5342828989| kaṉdumudun sṁrakṣaṇaya kirīmē aramuṇin vagākara tibenavā | කඳුමුදුන් සංරක්ෂණය කිරීමේ අරමුණින් වගාකර තිබෙනවා |mettananda
sin_3531_5374075357| bulars pāra dæn bauddhālōka māvata nam vūyē ohu sihikirīmaṭaya | බුලර්ස් පාර දැන් බෞද්ධාලෝක මාවත නම් වූයේ ඔහු සිහිකිරීමටය |mettananda
sin_3531_5427833618| kōcciyēdī mē tun denāṭa yāḷuvek hambenavā | කෝච්චියේදී මේ තුන් දෙනාට යාළුවෙක් හම්බෙනවා |mettananda
sin_3531_5440369099| aganuvara vana bægḍǣḍ nuvara pihiṭā ættē raṭehi nægenahira mæda koṭasehiya | අගනුවර වන බැග්ඩෑඩ් නුවර පිහිටා ඇත්තේ රටෙහි නැගෙනහිර මැද කොටසෙහිය |mettananda
sin_3531_5617324195| ihata pasdenāgen kisivek mā paudgalikava haṉduṇannē næta | ඉහත පස්දෙනාගෙන් කිසිවෙක් මා පෞද්ගලිකව හඳුණන්නේ නැත |mettananda
sin_3531_5811240684| muhudu ræḷi atarē mṁkollakaruvō sæṉgavī siṭiyaha | මුහුදු රැළි අතරේ මංකොල්ලකරුවෝ සැඟවී සිටියහ |mettananda
sin_3531_5904174509| muhuṇa papuva baḍa menma pāda pilissī nomæti bava vārtā vē | මුහුණ පපුව බඩ මෙන්ම පාද පිලිස්සී නොමැති බව වාර්තා වේ |mettananda
sin_3531_6118792471| aṁ keḷiya saṉdahā subha nækatin henakaṉda siṭuvayi | අං කෙළිය සඳහා සුභ නැකතින් හෙනකඳ සිටුවයි |mettananda
sin_3531_6253386847| metek kālekaṭa mama nam evæni deyak kiyala nǣ | මෙතෙක් කාලෙකට මම නම් එවැනි දෙයක් කියල නෑ |mettananda
sin_3531_6434024151| evakaṭa ema pāsalē guru maḍulla haya denakuṭa sīmā viya | එවකට එම පාසලේ ගුරු මඩුල්ල හය දෙනකුට සීමා විය |mettananda
sin_3531_6438246610| bāhirin igenagat dænuma piḷigat nisā novē da | බාහිරින් ඉගෙනගත් දැනුම පිළිගත් නිසා නොවේ ද |mettananda
sin_3531_6487104375| jātika aganagaraya vanuyē jakartā nuvarayi | ජාතික අගනගරය වනුයේ ජකර්තා නුවරයි |mettananda
sin_3531_6597045746| mūṇa hariyaṭama unmattakayekuge vagē velā tibuna | මූණ හරියටම උන්මත්තකයෙකුගෙ වගේ වෙලා තිබුන |mettananda
sin_3531_6614296513| menisā demāpiyan daruvāṭa melova penvādena aya vaśayen sælakeyi | මෙනිසා දෙමාපියන් දරුවාට මෙලොව පෙන්වාදෙන අය වශයෙන් සැලකෙයි |mettananda
sin_3531_6681992600| ārṁciya læv ginnaksē sarasavi bim peta purā pætira giyēya | ආරංචිය ලැව් ගින්නක්සේ සරසවි බිම් පෙත පුරා පැතිර ගියේය |mettananda
sin_3531_6709350944| upul mahatā da janādhipatitumā idiriyē divurum dunnēya | උපුල් මහතා ද ජනාධිපතිතුමා ඉදිරියේ දිවුරුම් දුන්නේය |mettananda
sin_3531_7018445712| ehi mūlasthānaya svisṭarlantayē jinivā nuvara pihiṭā æta | එහි මූලස්ථානය ස්විස්ටර්ලන්තයේ ජිනිවා නුවර පිහිටා ඇත |mettananda
sin_3531_7102684451| meya asōka rajugē śilālipi valin da tahavuru vē | මෙය අසෝක රජුගේ ශිලාලිපි වලින් ද තහවුරු වේ |mettananda
sin_3531_7179153359| mama kavadāvat sæmsan mahattayā hamba venḍa giyē næhæ | මම කවදාවත් සැම්සන් මහත්තයා හම්බ වෙන්ඩ ගියේ නැහැ |mettananda
sin_3531_7180438705| mema pavuru sampūrṇayenma sakasā tibennē kabok gal upayōgī koṭa gænīmeni | මෙම පවුරු සම්පූර්ණයෙන්ම සකසා තිබෙන්නේ කබොක් ගල් උපයෝගී කොට ගැනීමෙනි |mettananda
sin_3531_7352893636| mēkaṭa sab karapu ekaṭa royiliṭa saha gurāṭa bohoma stutiyi | මේකට සබ් කරපු එකට රොයිලිට සහ ගුරාට බොහොම ස්තුතියි |mettananda
sin_3531_7392637158| umba dannavada lṁkāvē raja kālē tibuṇu nīti gæna | උඹ දන්නවද ලංකාවේ රජ කාලේ තිබුණු නීති ගැන |mettananda
sin_3531_7533642183| ovuhu mīgamuva kalutara hā bēruvala kolla kǣha | ඔවුහු මීගමුව කලුතර හා බේරුවල කොල්ල කෑහ |mettananda
sin_3531_7621876522| muduna koṭasē dhātun vahansēlā venuven ven kaḷā | මුදුන කොටසේ ධාතුන් වහන්සේලා වෙනුවෙන් වෙන් කළා |mettananda
sin_3531_7880142248| mukhaya da mada vaśayen dat penena lesa piyavī tibē | මුඛය ද මද වශයෙන් දත් පෙනෙන ලෙස පියවී තිබේ |mettananda
sin_3531_7925875570| apē ī ḍabliv adikāram tuman gē sitivili pot kiya vū maṭa etuman anāgāmi vūveku kiyā situṇi | අපේ ඊ ඩබ්ලිව් අදිකාරම් තුමන් ගේ සිතිවිලි පොත් කිය වූ මට එතුමන් අනාගාමි වූවෙකු කියා සිතුණි |mettananda
sin_3531_7947843598| darśanaya vana veb aḍavi gaṇanāvak vidēśavalin pavatvā gena yanavā | දර්ශනය වන වෙබ් අඩවි ගණනාවක් විදේශවලින් පවත්වා ගෙන යනවා |mettananda
sin_3531_7984810771| metæna iṉdala tamayi katāva digahærenna paṭan ganne | මෙතැන ඉඳල තමයි කතාව දිගහැරෙන්න පටන් ගන්නෙ |mettananda
sin_3531_8030145669| yathārthaya visin kalākaruvā meheyavā ganu læbīma yi siddha venne | යථාර්ථය විසින් කලාකරුවා මෙහෙයවා ගනු ලැබීම යි සිද්ධ වෙන්නෙ |mettananda
sin_3531_8123711214| meya arahanta paramārthaya lesa hæṉdinviya hæki ya | මෙය අරහන්ත පරමාර්ථය ලෙස හැඳින්විය හැකි ය |mettananda
sin_3531_8335397693| metæna di mama adahas karanne siṁhala kavīn pilibaṉdava | මෙතැන දි මම අදහස් කරන්නෙ සිංහල කවීන් පිලිබඳව |mettananda
sin_3531_8500473878| eka atakaṭa baladdi api dænaṭamat āsiyāve āścaryak velā | එක අතකට බලද්දි අපි දැනටමත් ආසියාවෙ ආශ්චර්යක් වෙලා |mettananda
sin_3531_8523195584| gāllē koṭuva ætulē tibunā vīḍiyō senṭar ekak | ගාල්ලේ කොටුව ඇතුලේ තිබුනා වීඩියෝ සෙන්ටර් එකක් |mettananda
sin_3531_8564267184| dēśapālana hā samāja vaṭapiṭāvada salakā bæliya yutuya | දේශපාලන හා සමාජ වටපිටාවද සලකා බැලිය යුතුය |mettananda
sin_3531_8571540826| mēghavarṇa rajugē navavæni varṣayehi dāṭhāvṁśaya liyana ladī | මේඝවර්ණ රජුගේ නවවැනි වර්ෂයෙහි දාඨාවංශය ලියන ලදී |mettananda
sin_3531_8595090596| ænakonḍā yanu viśāla gavayaku pavā goduru kara gænīmaṭa samat sattvayeki | ඇනකොන්ඩා යනු විශාල ගවයකු පවා ගොදුරු කර ගැනීමට සමත් සත්ත්වයෙකි |mettananda
sin_3531_8657281490| mama puvatpat piṭa kavara chāyārūpayakaṭa penī hiṭiyā | මම පුවත්පත් පිට කවර ඡායාරූපයකට පෙනී හිටියා |mettananda
sin_3531_8775492655| mema kautukāgāraya piṭakōṭṭē hā ætulkōṭṭē nagara atara pihiṭuvā æta | මෙම කෞතුකාගාරය පිටකෝට්ටේ හා ඇතුල්කෝට්ටේ නගර අතර පිහිටුවා ඇත |mettananda
sin_3531_8991876040| mema parataraya piyavā denuyē piṭaraṭavalaṭa gos vahal sēvayē nirata vana pirisya | මෙම පරතරය පියවා දෙනුයේ පිටරටවලට ගොස් වහල් සේවයේ නිරත වන පිරිස්ය |mettananda
sin_3531_9086229255| mema koṭasa ættē kuḍā oyen etara vimaṭa perayi | මෙම කොටස ඇත්තේ කුඩා ඔයෙන් එතර විමට පෙරයි |mettananda
sin_3531_9192617433| kaḍupiṭiyagē sæbǣma nama buddhadāsa vitānāracciya | කඩුපිටියගේ සැබෑම නම බුද්ධදාස විතානආරච්චිය |mettananda
sin_3531_9240173159| mema nava basa nirmāṇaya kirīmēdī ohuṭa æti abhiyōgaya sṁkīrṇa ekaki | මෙම නව බස නිර්මාණය කිරීමේදී ඔහුට ඇති අභියෝගය සංකීර්ණ එකකි |mettananda
sin_3531_9266896424| mīṭa viruddhava movun abhiyācanā idiripat karanu æta | මීට විරුද්ධව මොවුන් අභියාචනා ඉදිරිපත් කරනු ඇත |mettananda
sin_3531_9463490913| mē kuṇukaya visituru saṉdun bhājanayak sē sarasā æta | මේ කුණුකය විසිතුරු සඳුන් භාජනයක් සේ සරසා ඇත |mettananda
sin_3531_9496088416| muladī riya eka tænama tibuṇē heḷavennē vat nætuvayi | මුලදී රිය එක තැනම තිබුණේ හෙළවෙන්නේ වත් නැතුවයි |mettananda
sin_3531_9497535654| mesē daknā vidasun nuvaṇama yahapat dækīma veyi | මෙසේ දක්නා විදසුන් නුවණම යහපත් දැකීම වෙයි |mettananda
sin_3531_9569998346| dumbara gæmiyā kiyana paridi lakēgala rāvaṇā rajugē balakoṭuvayi | දුම්බර ගැමියා කියන පරිදි ලකේගල රාවණා රජුගේ බලකොටුවයි |mettananda
sin_3531_9610307082| akamætten uṇat ē vacane pāvicci karanna venavā | අකමැත්තෙන් උණත් ඒ වචනෙ පාවිච්චි කරන්න වෙනවා |mettananda
sin_3531_9701025777| siṁgappūruvē mavunṭ eḷisabat rōhalē siṭa | සිංගප්පූරුවේ මවුන්ට් එළිසබත් රෝහලේ සිට |mettananda
sin_3531_9788609580| mēke innava api danna hadunana kihipa denekma | මේකෙ ඉන්නව අපි දන්න හදුනන කිහිප දෙනෙක්ම |mettananda
sin_3531_9943120712| mē bava siyalu vicārakayin buddhimatun penvā deti | මේ බව සියලු විචාරකයින් බුද්ධිමතුන් පෙන්වා දෙති |mettananda
sin_3531_9981559051| mē lōkavalaṭa apiṭa yā hækkē sita diyuṇu kirīmenuyi | මේ ලෝකවලට අපිට යා හැක්කේ සිත දියුණු කිරීමෙනුයි |mettananda
sin_3688_0056473094| koṭuven piṭa nagaraya piṭakoṭuvayi | කොටුවෙන් පිට නගරය පිටකොටුවයි |mettananda
sin_3688_0096808080| mema kiyaman tuḷa æti yathārthaya vimasā bæluva hot | මෙම කියමන් තුළ ඇති යථාර්ථය විමසා බැලුව හොත් |mettananda
sin_3688_0102202529| āye piṭaraṭin āva deyak nam kisima gæṭaḷuvak næhæ | ආයෙ පිටරටින් ආව දෙයක් නම් කිසිම ගැටළුවක් නැහැ |mettananda
sin_3688_0127964130| mē duka yæyi hetema yathābhūta vaśayen avabōdha karaganiyi | මේ දුක යැයි හෙතෙම යථාභූත වශයෙන් අවබෝධ කරගනියි |mettananda
sin_3688_0347415167| mema akusal siyalu pav yanuven saṉdahan kaḷa hækiya | මෙම අකුසල් සියලු පව් යනුවෙන් සඳහන් කළ හැකිය |mettananda
sin_3688_0452424024| idiriyēdī viślēṣaṇa kaṭayutu ārambha kerenu æta | ඉදිරියේදී විශ්ලේෂණ කටයුතු ආරම්භ කෙරෙනු ඇත |mettananda
sin_3688_0504658032| mē ḷamayā hæma deyakma ikmaṇin ma igena gattā | මේ ළමයා හැම දෙයක්ම ඉක්මණින් ම ඉගෙන ගත්තා |mettananda
sin_3688_0550023064| metænadī hæmōṭama kivvā upan gamē oru pædapu atītaya | මෙතැනදී හැමෝටම කිව්වා උපන් ගමේ ඔරු පැදපු අතීතය |mettananda
sin_3688_0606439117| yathārthavādaya yanu vividha rītīn atarin ekak novē | යථාර්ථවාදය යනු විවිධ රීතීන් අතරින් එකක් නොවේ |mettananda
sin_3688_0666789284| gurutvākarṣaṇa niyamaya væradi bavaṭa sākṣi tiyenavā | ගුරුත්වාකර්ෂණ නියමය වැරදි බවට සාක්ෂි තියෙනවා |mettananda
sin_3688_0695573995| eka æsaka penumē dubalatāva hærunāma venat kisima rōgābadhayak næta | එක ඇසක පෙනුමේ දුබලතාව හැරුනාම වෙනත් කිසිම රෝගාබධයක් නැත |mettananda
sin_3688_0763934486| mē vidhiyaṭa vēl tunen ma bat piṇḍu pahaḷovak aḍuvē | මේ විධියට වේල් තුනෙන් ම බත් පිඬු පහළොවක් අඩුවේ |mettananda
sin_3688_0968916306| kæniyon viduli balāgāraya pasugiya dā vasā damā æta | කැනියොන් විදුලි බලාගාරය පසුගිය දා වසා දමා ඇත |mettananda
sin_3688_1000099086| melovat paralovat sæpavat vīmaṭa da hētuvannaki | මෙලොවත් පරලොවත් සැපවත් වීමට ද හේතුවන්නකි |mettananda
sin_3688_1065190155| meyin rajatumā ahasin væḍi bava dæna gattē ya | මෙයින් රජතුමා අහසින් වැඩි බව දැන ගත්තේ ය |mettananda
sin_3688_1272711337| anāgatayat subavādī veyi kiyalā apaṭa hitanna puḷuvan | අනාගතයත් සුබවාදී වෙයි කියලා අපට හිතන්න පුළුවන් |mettananda
sin_3688_1308003688| ehi daknaṭa læbena visituru vū situvam nisāya | එහි දක්නට ලැබෙන විසිතුරු වූ සිතුවම් නිසාය |mettananda
sin_3688_1337725493| kolonnāva ayat vanuyē vællampiṭiya polis vasamaṭayi | කොලොන්නාව අයත් වනුයේ වැල්ලම්පිටිය පොලිස් වසමටයි |mettananda
sin_3688_1609561756| minisā ovun kiyannē meya mōṭar rathayak novana bavayi | මිනිසා ඔවුන් කියන්නේ මෙය මෝටර් රථයක් නොවන බවයි |mettananda
sin_3688_1612806051| mēvā sampūrṇayenma ven kara kara ven kara kara balanavā | මේවා සම්පූර්ණයෙන්ම වෙන් කර කර වෙන් කර කර බලනවා |mettananda
sin_3688_1623679904| ṭiyunis aganuvara pavā virōdhatā utsanna vana viṭa ben ali raṭin palā giyē ya | ටියුනිස් අගනුවර පවා විරෝධතා උත්සන්න වන විට බෙන් අලි රටින් පලා ගියේ ය |mettananda
sin_3688_1694299574| būndiya mahajanayāṭa monayam hō idiri darśanayak idiripat karanavada | බූන්දිය මහජනයාට මොනයම් හෝ ඉදිරි දර්ශනයක් ඉදිරිපත් කරනවද |mettananda
sin_3688_1929461291| uvamanā kenekuṭa nārāhēnpiṭa kirimaṇḍala māvatē pāram pārika sahal alevi salen miladī gænīmaṭa hæka | උවමනා කෙනෙකුට නාරාහේන්පිට කිරිමණ්ඩල මාවතේ පාරම් පාරික සහල් අලෙවි සලෙන් මිලදී ගැනීමට හැක |mettananda
sin_3688_1948484721| æt pæṭavā siṭa ættē nivasaṭa yābada kuḍā kūḍuvak væni sthānayaka ya | ඇත් පැටවා සිට ඇත්තේ නිවසට යාබද කුඩා කූඩුවක් වැනි ස්ථානයක ය |mettananda
sin_3688_2039776138| aḍi pahak hayak vitara ǣtin pirimi ḷamayin kaṭṭiya vaṭa velā hiṭiye | අඩි පහක් හයක් විතර ඈතින් පිරිමි ළමයින් කට්ටිය වට වෙලා හිටියෙ |mettananda
sin_3688_2081640982| mēvā gōlīya dhanavādayaṭa kisisētma vikalpayak novē | මේවා ගෝලීය ධනවාදයට කිසිසේත්ම විකල්පයක් නොවේ |mettananda
sin_3688_2310391955| mema bhāryāvan tidenāma budurajāṇan vahansēgē igænvīm anuva yahapat aya novē | මෙම භාර්යාවන් තිදෙනාම බුදුරජාණන් වහන්සේගේ ඉගැන්වීම් අනුව යහපත් අය නොවේ |mettananda
sin_3688_2397230679| āsiyāvē mevæni giṭārayak himi ekama vādana śilpiyā mamayi | ආසියාවේ මෙවැනි ගිටාරයක් හිමි එකම වාදන ශිල්පියා මමයි |mettananda
sin_3688_2413242041| mun iḍam alla ganna māra plǣn ekak dennē | මුන් ඉඩම් අල්ල ගන්න මාර ප්ලෑන් එකක් දෙන්නේ |mettananda
sin_3688_2536453099| ema aḍuvat obaṭa sapurālīmaṭa avasthāva læbevāyi patanavā | එම අඩුවත් ඔබට සපුරාලීමට අවස්ථාව ලැබෙවායි පතනවා |mettananda
sin_3688_2770052029| meviṭa ohuṭa dharma mārgayē idiriyaṭa yǣmaṭa bādhāvak nǣ | මෙවිට ඔහුට ධර්ම මාර්ගයේ ඉදිරියට යෑමට බාධාවක් නෑ |mettananda
sin_3688_2798225647| accuvēlī polīsiya væḍidura parīkṣaṇa kaṭayutu meheyavayi | අච්චුවේලී පොලීසිය වැඩිදුර පරීක්ෂණ කටයුතු මෙහෙයවයි |mettananda
sin_3688_2876065138| sīgiriya avaṭa diya agal valin āvaraṇaya kara tibē | සීගිරිය අවට දිය අගල් වලින් ආවරණය කර තිබේ |mettananda
sin_3688_2941453008| mēket giya pāra ekē hiṭapu naḷu niḷiyō goḍakma innavā | මේකෙත් ගිය පාර එකේ හිටපු නළු නිළියෝ ගොඩක්ම ඉන්නවා |mettananda
sin_3688_3107312173| ektarā mohotakadi ēka loku viplavīya sṁgītayak venavā | එක්තරා මොහොතකදි ඒක ලොකු විප්ලවීය සංගීතයක් වෙනවා |mettananda
sin_3688_3181295193| ballangē ayitivāsikam tava kenek aḷevi karayi | බල්ලන්ගේ අයිතිවාසිකම් තව කෙනෙක් අළෙවි කරයි |mettananda
sin_3688_3281041225| mulin ægē viruddhatāvaya tibunat kālayā samaṉga æyava piḷigannavā | මුලින් ඇගේ විරුද්ධතාවය තිබුනත් කාලයා සමඟ ඇයව පිළිගන්නවා |mettananda
sin_3688_3395968539| pudgalayin siv denaku pamaṇa pæmiṇa ætæyi parīkṣaṇavaladī heḷi vī æta | පුද්ගලයින් සිව් දෙනකු පමණ පැමිණ ඇතැයි පරීක්ෂණවලදී හෙළි වී ඇත |mettananda
sin_3688_3554729260| metanaṭa gihilla huratal karanna giyānam mokada vennē | මෙතනට ගිහිල්ල හුරතල් කරන්න ගියානම් මොකද වෙන්නේ |mettananda
sin_3688_4004714525| hoṁkoṁ atahæra venat raṭakaṭa gos æti bava vārtā vē | හොංකොං අතහැර වෙනත් රටකට ගොස් ඇති බව වාර්තා වේ |mettananda
sin_3688_4040006888| hitavat ravīn væḍi vistara dækvima pilibadava bohōma stutiyi | හිතවත් රවීන් වැඩි විස්තර දැක්විම පිලිබදව බොහෝම ස්තුතියි |mettananda
sin_3688_4050269744| ohugē bhāryāva niḷiyak hā lōka rū ræjiniya vu ayiśvaryā rāyi vē | ඔහුගේ භාර්යාව නිළියක් හා ලෝක රූ රැජිනිය වු අයිශ්වර්යා රායි වේ |mettananda
sin_3688_4290681395| metana idan balamu ada kathāvē mokada vennē kiyalā | මෙතන ඉදන් බලමු අද කථාවේ මොකද වෙන්නේ කියලා |mettananda
sin_3688_4349098655| namut ē nītimaya rāmuva magin karannē kumakda | නමුත් ඒ නීතිමය රාමුව මගින් කරන්නේ කුමක්ද |mettananda
sin_3688_4408727745| mema siv mahā ōgha metera siṭina pudgalayā daknaṭa hæki ya | මෙම සිව් මහා ඕඝ මෙතෙර සිටින පුද්ගලයා දක්නට හැකි ය |mettananda
sin_3688_4481217485| akāryakṣamatāva væḍima viyadamakin bhāṇḍa nipadavayi | අකාර්යක්ෂමතාව වැඩිම වියදමකින් භාණ්ඩ නිපදවයි |mettananda
sin_3688_4486093953| mekī siddhiya sidu vana dinaya paraṇa avurudda lesa hæṉdinviṇi | මෙකී සිද්ධිය සිදු වන දිනය පරණ අවුරුද්ද ලෙස හැඳින්විණි |mettananda
sin_3688_4608128553| mema pālama idikaranavā kiyana viṭa vipakṣayē samahara nāyakayō vihiḷuvak lesaṭa sælakuvā | මෙම පාලම ඉදිකරනවා කියන විට විපක්ෂයේ සමහර නායකයෝ විහිළුවක් ලෙසට සැලකුවා |mettananda
sin_3688_4803245628| meya gatānugatikava avicāravatva karana væḍak novēda | මෙය ගතානුගතිකව අවිචාරවත්ව කරන වැඩක් නොවේද |mettananda
sin_3688_4845332494| mē sirit mē kālayē apē raṭē pirihemin pavatī | මේ සිරිත් මේ කාලයේ අපේ රටේ පිරිහෙමින් පවතී |mettananda
sin_3688_4856684728| kābul nagaraya æfganisthānayē aganagaraya hā viśālatama nagaraya vana atara eya kābul paḷātē pihiṭā æta | කාබුල් නගරය ඇෆ්ගනිස්ථානයේ අගනගරය හා විශාලතම නගරය වන අතර එය කාබුල් පළාතේ පිහිටා ඇත |mettananda
sin_3688_4905708888| gavayā minisungē edinedā jīvitēṭa kotaram samīpa sahayak denavada | ගවයා මිනිසුන්ගේ එදිනෙදා ජීවිතේට කොතරම් සමීප සහයක් දෙනවද |mettananda
sin_3688_4978784926| paurāṇika vædagatkamakin yutu mehi adaṭat pæræṇi naṭabun daknaṭa læbē | පෞරාණික වැදගත්කමකින් යුතු මෙහි අදටත් පැරැණි නටබුන් දක්නට ලැබේ |mettananda
sin_3688_5112564604| innet melban ṭavumē iṉdan goḍak ǣta gamakalunē | ඉන්නෙත් මෙල්බන් ටවුමේ ඉඳන් ගොඩක් ඈත ගමකලුනේ |mettananda
sin_3688_5137075970| ekkenek itin mama liyapu diniti katāve diniti | එක්කෙනෙක් ඉතින් මම ලියපු දිනිති කතාවෙ දිනිති |mettananda
sin_3688_5156950254| pauruṣatva vardhanaya kirīmē pāṭhamālā pavā ārambha vuṇā | පෞරුෂත්ව වර්ධනය කිරීමේ පාඨමාලා පවා ආරම්භ වුණා |mettananda
sin_3688_5223568999| dan dīma piṇisa at sōdāgattu kenek venavā | දන් දීම පිණිස අත් සෝදාගත්තු කෙනෙක් වෙනවා |mettananda
sin_3688_5629142851| raṇaviruvan visin pārak tanā dī tibīma sæbǣvaki | රණවිරුවන් විසින් පාරක් තනා දී තිබීම සැබෑවකි |mettananda
sin_3688_5675672193| eka pættakin spīkar dāla apiṭa yanna epā kiyanavā | එක පැත්තකින් ස්පීකර් දාල අපිට යන්න එපා කියනවා |mettananda
sin_3688_5792768206| muladī hiṭagena gaman kaḷa hæki mē maga ṭiken ṭika kuḍā vana bavak penuṇi | මුලදී හිටගෙන ගමන් කළ හැකි මේ මග ටිකෙන් ටික කුඩා වන බවක් පෙනුණි |mettananda
sin_3688_5950315485| mēken dæn kisi kenekuṭa æti væḍakut næhæ | මේකෙන් දැන් කිසි කෙනෙකුට ඇති වැඩකුත් නැහැ |mettananda
sin_3688_6010075566| metana piyadāsa kiyannē tāttāgē nama misak vāsagama nemeyinē | මෙතන පියදාස කියන්නේ තාත්තාගේ නම මිසක් වාසගම නෙමෙයිනේ |mettananda
sin_3688_6049724568| dehivala polīsiya magin mema naḍuva pavarā tibuṇi | දෙහිවල පොලීසිය මගින් මෙම නඩුව පවරා තිබුණි |mettananda
sin_3688_6057604289| menisā akamætten vuva mema titta beheta gata yutumaya | මෙනිසා අකමැත්තෙන් වුව මෙම තිත්ත බෙහෙත ගත යුතුමය |mettananda
sin_3688_6107916017| mēkaṭa sāriputta maharahatan vahansē upamāvak vadāḷā | මේකට සාරිපුත්ත මහරහතන් වහන්සේ උපමාවක් වදාළා |mettananda
sin_3688_6194167990| dharmasiri kuḍuvalaṭa sambandhayi kiyalā mama dænagena hiṭiyē nǣ | ධර්මසිරි කුඩුවලට සම්බන්ධයි කියලා මම දැනගෙන හිටියේ නෑ |mettananda
sin_3688_6195211802| metæna panti tahanam karanna aravā mēvā kisi deyak ōna nǣ | මෙතැන පන්ති තහනම් කරන්න අරවා මේවා කිසි දෙයක් ඕන නෑ |mettananda
sin_3688_6247651376| mē kāraṇaya ahapu sævætnuvara vāsīn pudumayaṭa patvunā | මේ කාරණය අහපු සැවැත්නුවර වාසීන් පුදුමයට පත්වුනා |mettananda
sin_3688_6298695142| mē karuṇuvalin obaṭa manāva væṭahennē kumak da | මේ කරුණුවලින් ඔබට මනාව වැටහෙන්නේ කුමක් ද |mettananda
sin_3688_6359812202| piṭṭaniyē gēṭṭuven ætulaṭa aḍiyak vat yanna læbennē næhæ | පිට්ටනියේ ගේට්ටුවෙන් ඇතුලට අඩියක් වත් යන්න ලැබෙන්නේ නැහැ |mettananda
sin_3688_6558026682| muvamas kiyalā mī harak pæṭavungē mas nam denavā | මුවමස් කියලා මී හරක් පැටවුන්ගේ මස් නම් දෙනවා |mettananda
sin_3688_6605848398| mēvā eka pættakin sākacchā viya yutu dēval | මේවා එක පැත්තකින් සාකච්ඡා විය යුතු දේවල් |mettananda
sin_3688_6697527516| muhaṇa kaṭa sōdā yali ohu bhāvanāvaṭa avatīrṇa uṇā | මුහණ කට සෝදා යලි ඔහු භාවනාවට අවතීර්ණ උණා |mettananda
sin_3688_6899747372| mema sīsǣma nisā siyalu dukkhayangen midunē vemi | මෙම සීසෑම නිසා සියලු දුක්ඛයන්ගෙන් මිදුනේ වෙමි |mettananda
sin_3688_6926065923| mulinma kæmarāva issarahaṭa yana velāvē nam poḍi tigæsmak tibuṇā | මුලින්ම කැමරාව ඉස්සරහට යන වෙලාවේ නම් පොඩි තිගැස්මක් තිබුණා |mettananda
sin_3688_7041832968| in mī mæssan pæṇi ganīdæyi kiyānam nodanimi | ඉන් මී මැස්සන් පැණි ගනීදැයි කියානම් නොදනිමි |mettananda
sin_3688_7099734514| ægē atinma magē hisē hā kammulē senṭ tavarayi | ඇගේ අතින්ම මගේ හිසේ හා කම්මුලේ සෙන්ට් තවරයි |mettananda
sin_3688_7131080884| mema gupta lōkaya harahā yana viṭa apagē avadhānaya atiśayinma tīkṣaṇa vē | මෙම ගුප්ත ලෝකය හරහා යන විට අපගේ අවධානය අතිශයින්ම තීක්ෂණ වේ |mettananda
sin_3688_7217876804| met væḍīmehi paḷamuvæni āniśṁsaya sæpanindayi | මෙත් වැඩීමෙහි පළමුවැනි ආනිශංසය සැපනින්දයි |mettananda
sin_3688_7294344227| mehi tibena vaḍātma paurāṇika vædagatkama vanuyē dahayiyā piḷimayi | මෙහි තිබෙන වඩාත්ම පෞරාණික වැදගත්කම වනුයේ දහයියා පිළිමයි |mettananda
sin_3688_7390248979| mēka siṁhala bauddhayinṭa liyala dīpu raṭak neveyi | මේක සිංහල බෞද්ධයින්ට ලියල දීපු රටක් නෙවෙයි |mettananda
sin_3688_7455360274| api paḷaveni koṭas dahaya gæna itāma sækavin matak karagammu | අපි පළවෙනි කොටස් දහය ගැන ඉතාම සැකවින් මතක් කරගම්මු |mettananda
sin_3688_7584831034| metænadi mūlika ma abhiyōgaya karuṇu slabāgænīmē asīrukama | මෙතැනදි මූලික ම අභියෝගය කරුණු ස්ලබාගැනීමේ අසීරුකම |mettananda
sin_3688_7614744824| ebævin sama ayitīn illā saṭan vædīma niśphalaya | එබැවින් සම අයිතීන් ඉල්ලා සටන් වැදීම නිශ්ඵලය |mettananda
sin_3688_7663917173| kālayak pemvatun velā hiṭiya roṣān pilapiṭiya saha caturikā pīris venvelā | කාලයක් පෙම්වතුන් වෙලා හිටිය රොෂාන් පිලපිටිය සහ චතුරිකා පීරිස් වෙන්වෙලා |mettananda
sin_3688_7750500436| mēvā samājayē tiyena kuhakakam valin ætikarana durvalakam | මේවා සමාජයේ තියෙන කුහකකම් වලින් ඇතිකරන දුර්වලකම් |mettananda
sin_3688_7804317720| mēkaṭa sab dānna igana gattē vikiyā sahōgē blog ekakin | මේකට සබ් දාන්න ඉගන ගත්තේ විකියා සහෝගේ බ්ලොග් එකකින් |mettananda
sin_3688_7911743379| mehi særayaṭiyē vuvamanāva kumak da yanna pæhædiliya | මෙහි සැරයටියේ වුවමනාව කුමක් ද යන්න පැහැදිලිය |mettananda
sin_3688_7927489278| kenek baḍagōstaraya næti veyi kiyalā bayavelā | කෙනෙක් බඩගෝස්තරය නැති වෙයි කියලා බයවෙලා |mettananda
sin_3688_7967787508| itāma sæhællūven kālaya gata kirīmaṭa hæki vanu æta | ඉතාම සැහැල්ලූවෙන් කාලය ගත කිරීමට හැකි වනු ඇත |mettananda
sin_3688_8016892543| mulinma raṉgapǣmaṭa ævit ækṣan kiyana koṭama hariyaṭa eya kaḷāda | මුලින්ම රඟපෑමට ඇවිත් ඇක්ෂන් කියන කොටම හරියට එය කළාද |mettananda
sin_3688_8190507112| ema kimbulan dedenā venat parisarayakaṭa mudāharinu læbiṇi | එම කිඹුලන් දෙදෙනා වෙනත් පරිසරයකට මුදාහරිනු ලැබිණි |mettananda
sin_3688_8382914210| mema sattvayā yurōpīya raṭavala suratalayaṭa ætikarana sateki | මෙම සත්ත්වයා යුරෝපීය රටවල සුරතලයට ඇතිකරන සතෙකි |mettananda
sin_3688_8479331000| mē siyalla siduvannē anun kaḷa dēval nisāma novē | මේ සියල්ල සිදුවන්නේ අනුන් කළ දේවල් නිසාම නොවේ |mettananda
sin_3688_8575476426| mīṭa væḍa vaṭinā upades dunna minissu lṁkāvē iṉdalama nædda | මීට වැඩ වටිනා උපදෙස් දුන්න මිනිස්සු ලංකාවේ ඉඳලම නැද්ද |mettananda
sin_3688_8651232647| mēkaṭa visaṉdumak denna lṁkāvaṭa bhāradennayi tibune | මේකට විසඳුමක් දෙන්න ලංකාවට භාරදෙන්නයි තිබුනෙ |mettananda
sin_3688_8656455359| mudal ganudenuvaladī kalpanākāri viya yutu vasara | මුදල් ගනුදෙනුවලදී කල්පනාකාරි විය යුතු වසර |mettananda
sin_3688_8672561843| itāma sælasum sahagatavayi gæhænu minissu væḍa karannē | ඉතාම සැලසුම් සහගතවයි ගැහැනු මිනිස්සු වැඩ කරන්නේ |mettananda
sin_3688_8684102059| akilagē appacci hæruṇu koṭa anek hæmōma hiṭiyā | අකිලගේ අප්පච්චි හැරුණු කොට අනෙක් හැමෝම හිටියා |mettananda
sin_3688_8894467231| menna āpahu matakaya alut kara ganna hindama bānavā | මෙන්න ආපහු මතකය අලුත් කර ගන්න හින්දම බානවා |mettananda
sin_3688_8961468609| mē tattvayaṭa vaga kivayutu vannē da mavupiyanmaya | මේ තත්ත්වයට වග කිවයුතු වන්නේ ද මවුපියන්මය |mettananda
sin_3688_9010137617| mē siyallaṭama sṁsāra gamanaṭa hētuvana akusala dharmaya | මේ සියල්ලටම සංසාර ගමනට හේතුවන අකුසල ධර්මය |mettananda
sin_3688_9041495812| amaradēvalā mahagamasēkaralā indiyānu dēval bhāvitā karanna æti | අමරදේවලා මහගමසේකරලා ඉන්දියානු දේවල් භාවිතා කරන්න ඇති |mettananda
sin_3688_9584890759| mēken daruvanṭa rækavaraṇaya aḍuvelā tibenne | මේකෙන් දරුවන්ට රැකවරණය අඩුවෙලා තිබෙන්නෙ |mettananda
sin_3688_9721183432| mē hæmekakma piṭakoṭuven aḍu milakaṭa ganna puluvan | මේ හැමඑකක්ම පිටකොටුවෙන් අඩු මිලකට ගන්න පුලුවන් |mettananda
sin_3976_0535813044| meya pævætvennē viṣṇu dēvāla bhūmiyehi ya | මෙය පැවැත්වෙන්නේ විෂ්ණු දේවාල භූමියෙහි ය |mettananda
sin_3976_0704095453| mun apava vihiḷuvakaṭa gena æti bava obaṭa novæṭahēda | මුන් අපව විහිළුවකට ගෙන ඇති බව ඔබට නොවැටහේද |mettananda
sin_3976_0924265924| mema muragal viśēṣayehi da varga dekak daknaṭa læbē | මෙම මුරගල් විශේෂයෙහි ද වර්ග දෙකක් දක්නට ලැබේ |mettananda
sin_3976_1297535055| eksat jātīngē maha lēkam bǣn kī mūngē da sahāya īṭa himiviya | එක්සත් ජාතීන්ගේ මහ ලේකම් බෑන් කී මූන්ගේ ද සහාය ඊට හිමිවිය |mettananda
sin_3976_1445348599| gāyakayek vidihaṭa nam sǣhena hoṉdayi kiyanna puḷuvan | ගායකයෙක් විදිහට නම් සෑහෙන හොඳයි කියන්න පුළුවන් |mettananda
sin_3976_1608479442| manci āyatanayat sampat bæṁkuvat mæliban āyatanayat maṭa kalāva venuven bohō upakāra karanavā | මන්චි ආයතනයත් සම්පත් බැංකුවත් මැලිබන් ආයතනයත් මට කලාව වෙනුවෙන් බොහෝ උපකාර කරනවා |mettananda
sin_3976_2388436848| mēka tamā lṁkāvē bohomayak samāgam tula tatvaya | මේක තමා ලංකාවේ බොහොමයක් සමාගම් තුල තත්වය |mettananda
sin_3976_2530529078| mukutma karaganna bæri kenek vitarayi daḍēṭa ahu vennē | මුකුත්ම කරගන්න බැරි කෙනෙක් විතරයි දඩේට අහු වෙන්නේ |mettananda
sin_3976_2555005995| meccara kālayak āpu aya oya poronduva dunnā | මෙච්චර කාලයක් ආපු අය ඔය පොරොන්දුව දුන්නා |mettananda
sin_3976_2581661769| lṁnakāvē bihi vū palamu ārāmaya anurādhapura mahamevnā uyanehi pihiṭā æta | ලංනකාවේ බිහි වූ පලමු ආරාමය අනුරාධපුර මහමෙව්නා උයනෙහි පිහිටා ඇත |mettananda
sin_3976_2772133735| mudal tibunat hoṉda potak ganna tiyena amāruva | මුදල් තිබුනත් හොඳ පොතක් ගන්න තියෙන අමාරුව |mettananda
sin_3976_2939180659| munge ǣs pāṭa koḍi valin vǣhila tiyenne | මුන්ගෙ ඈස් පාට කොඩි වලින් වෑහිල තියෙන්නෙ |mettananda
sin_3976_3619134479| metænadī mē dennā atara amanāpaya væḍi velā tiyanavā | මෙතැනදී මේ දෙන්නා අතර අමනාපය වැඩි වෙලා තියනවා |mettananda
sin_3976_3724457898| mehi vartamāna aganuvara vanāhi rungun nuvarayi | මෙහි වර්තමාන අගනුවර වනාහි රුන්ගුන් නුවරයි |mettananda
sin_3976_3803828690| mēvā asannē vicikiccāva æti kirīma piṇisayi | මේවා අසන්නේ විචිකිච්චාව ඇති කිරීම පිණිසයි |mettananda
sin_3976_3877822097| metana idalā hæmōṭama baya hitena dēval valaṭa tamayi muhuṇa denna venne | මෙතන ඉදලා හැමෝටම බය හිතෙන දේවල් වලට තමයි මුහුණ දෙන්න වෙන්නෙ |mettananda
sin_3976_3903763157| natāṣā nændā apiṭa laṇuvakut kokkakut dunnā | නතාෂා නැන්දා අපිට ලණුවකුත් කොක්කකුත් දුන්නා |mettananda
sin_3976_4165301672| mulinma tiyenne kāntāvak pæharagannā siduvīmak | මුලින්ම තියෙන්නෙ කාන්තාවක් පැහරගන්නා සිදුවීමක් |mettananda
sin_3976_4339758274| æya keḷinma devram vihārayaṭa yanna piṭat vunā | ඇය කෙළින්ම දෙව්රම් විහාරයට යන්න පිටත් වුනා |mettananda
sin_3976_4590886696| bērē væva ovungē nirmāṇayaki | බේරේ වැව ඔවුන්ගේ නිර්මාණයකි |mettananda
sin_3976_4593145288| umā oya ranṭæmbēṭa væṭennē randenigalaṭa pahalin | උමා ඔය රන්ටැඹේට වැටෙන්නේ රන්දෙනිගලට පහලින් |mettananda
sin_3976_4697845592| ācārya gāmiṇī abēsēkara yanu jātika itirikirīmē bæṁkuvahi hiṭapu sabhāpati varayāyi | ආචාර්ය ගාමිණී අබේසේකර යනු ජාතික ඉතිරිකිරීමේ බැංකුවහි හිටපු සභාපති වරයායි |mettananda
sin_3976_4740332434| gūgal kǣṣ matakaya væḍi kālayak tiyennē nǣ | ගූගල් කෑෂ් මතකය වැඩි කාලයක් තියෙන්නේ නෑ |mettananda
sin_3976_5364776841| mema tē vatu yāya desa balana viṭa eya itā hodin naḍattu karana bavak penē | මෙම තේ වතු යාය දෙස බලන විට එය ඉතා හොදින් නඩත්තු කරන බවක් පෙනේ |mettananda
sin_3976_5373739370| pūjāva karana ataraturēdī śiva deviyangen tamāṭa karuṇāva dækviya yutu bava illīmak kaḷa yutuya | පූජාව කරන අතරතුරේදී ශිව දෙවියන්ගෙන් තමාට කරුණාව දැක්විය යුතු බව ඉල්ලීමක් කළ යුතුය |mettananda
sin_3976_5771960975| sayiman sṁsāraya ohē tibuṇāvē kiyalā innē nǣ | සයිමන් සංසාරය ඔහේ තිබුණාවේ කියලා ඉන්නේ නෑ |mettananda
sin_3976_5945767569| mulin nægala giyat ṭika kālekin væḍē nævatilā giyā | මුලින් නැගල ගියත් ටික කාලෙකින් වැඩේ නැවතිලා ගියා |mettananda
sin_3976_6194067080| mema vaṭa dā geya mæda stūpayaka naṭabun dis veyi | මෙම වට දා ගෙය මැද ස්තූපයක නටබුන් දිස් වෙයි |mettananda
sin_3976_6549785506| meyin apē ḷamā parapuraṭama siduvannē viśāla ayahapatak | මෙයින් අපේ ළමා පරපුරටම සිදුවන්නේ විශාල අයහපතක් |mettananda
sin_3976_6925269802| pot pattara atara gatavuna jīvitaya nam harima sundarayi | පොත් පත්තර අතර ගතවුන ජීවිතය නම් හරිම සුන්දරයි |mettananda
sin_3976_7833005294| magē sitē ē saṉdahā kisidu domnasak haṭa gattē næhæ | මගේ සිතේ ඒ සඳහා කිසිදු දොම්නසක් හට ගත්තේ නැහැ |mettananda
sin_3976_8492908399| mīdumen væsī giya kaṉdu kotmalē jalāśaya opavat kalā | මීදුමෙන් වැසී ගිය කඳු කොත්මලේ ජලාශය ඔපවත් කලා |mettananda
sin_3976_8838028505| ē sambandhayen venama katikāvatak gena ā yutuyi | ඒ සම්බන්ධයෙන් වෙනම කතිකාවතක් ගෙන ආ යුතුයි |mettananda
sin_3976_8912786700| mē isurumuṇiyē pem yuvala yanu sāliya aśōkamālā yuvalayi | මේ ඉසුරුමුණියේ පෙම් යුවල යනු සාලිය අශෝකමාලා යුවලයි |mettananda
sin_3976_9136086771| mahat utsāhayen apa harihamba karannē mudal ya | මහත් උත්සාහයෙන් අප හරිහම්බ කරන්නේ මුදල් ය |mettananda
sin_3976_9253577248| metæna dī viśēṣayen matak kalayutu kāraṇayak da æta | මෙතැන දී විශේෂයෙන් මතක් කලයුතු කාරණයක් ද ඇත |mettananda
sin_3976_9391011329| muḷu jīvita kāleṭama hadapu ekama nækata tamayi oya pōruvē katandarē | මුළු ජීවිත කාලෙටම හදපු එකම නැකත තමයි ඔය පෝරුවේ කතන්දරේ |mettananda
sin_3976_9585284530| mīṭa vaḍā væḍi pirisak siṭina ṭenḍar maṇḍalada æta | මීට වඩා වැඩි පිරිසක් සිටින ටෙන්ඩර් මණ්ඩලද ඇත |mettananda
sin_3976_9826191398| mema nīti virōdhī hōṭalaya idikara ættē ema kalāpaya tuḷayi | මෙම නීති විරෝධී හෝටලය ඉදිකර ඇත්තේ එම කලාපය තුළයි |mettananda
sin_4191_0047452857| aḍu gananē ohu kopi kala cāmara vīrasiṁhaṭa taram vat hoṉda gāyana hækiyāvak ohuṭa næhæ | අඩු ගනනේ ඔහු කොපි කල චාමර වීරසිංහට තරම් වත් හොඳ ගායන හැකියාවක් ඔහුට නැහැ |mettananda
sin_4191_0126770633| mēvāyen iganagatta nṁ dæṁ hiṭṁ plǣna gahata hæki | මේවායෙන් ඉගනගත්ත නං දැං හිටං ප්ලෑන ගහත හැකි |mettananda
sin_4191_0167362579| āyet mē vagē gamanak ikmanin yanna læbēvā kiyala patanavā | ආයෙත් මේ වගේ ගමනක් ඉක්මනින් යන්න ලැබේවා කියල පතනවා |mettananda
sin_4191_0169818551| in anaturuva ovun idiripat karannē adbhūta toraturuya | ඉන් අනතුරුව ඔවුන් ඉදිරිපත් කරන්නේ අද්භූත තොරතුරුය |mettananda
sin_4191_0174096250| mema diyakaḍanaya idikirīmaṭa paḷamuvaraṭa væli bhāvitā kaḷēya | මෙම දියකඩනය ඉදිකිරීමට පළමුවරට වැලි භාවිතා කළේය |mettananda
sin_4191_0205065623| depārśavayenma venna ōnē yutukam ṭikak tiyenavā | දෙපාර්ශවයෙන්ම වෙන්න ඕනේ යුතුකම් ටිකක් තියෙනවා |mettananda
sin_4191_0294479014| baṭahirayan nirvindanaya gæna asā tibunē vat næhæ | බටහිරයන් නිර්වින්දනය ගැන අසා තිබුනේ වත් නැහැ |mettananda
sin_4191_0309078700| ætulvana viṭama æti sæpa puṭuvaka taruṇayan dedenek dum væṭiyak uramin siṭiyē ya | ඇතුල්වන විටම ඇති සැප පුටුවක තරුණයන් දෙදෙනෙක් දුම් වැටියක් උරමින් සිටියේ ය |mettananda
sin_4191_0310903589| mēkaṭa siṁhala ekatu kaḷāṭa bohoma stūtiyi samīra | මේකට සිංහල එකතු කළාට බොහොම ස්තූතියි සමීර |mettananda
sin_4191_0348767651| metæna tamā sāliya kumarā aśōkamālā hā sæṉgævī jīvatvuṇē | මෙතැන තමා සාලිය කුමරා අශෝකමාලා හා සැඟැවී ජීවත්වුණේ |mettananda
sin_4191_0427110526| meya apa adahana āgama dahama pilibada gæṭaluvak novē | මෙය අප අදහන ආගම දහම පිලිබද ගැටලුවක් නොවේ |mettananda
sin_4191_0463593922| mēka mulinma tiragata velā tiyennē jūni māsayē | මේක මුලින්ම තිරගත වෙලා තියෙන්නේ ජූනි මාසයේ |mettananda
sin_4191_0497964451| balamu mēvagen kohomada api gælavilā innē kiyalā | බලමු මේවගෙන් කොහොමද අපි ගැලවිලා ඉන්නේ කියලා |mettananda
sin_4191_0606655204| eka ispillak pāpillak gāne ṭayip karanna ōna | එක ඉස්පිල්ලක් පාපිල්ලක් ගානෙ ටයිප් කරන්න ඕන |mettananda
sin_4191_0747146586| muhuduraḷa ghōṣāvak vagē ē śōkī svaraya dōṁkāra dunnā | මුහුදුරළ ඝෝෂාවක් වගේ ඒ ශෝකී ස්වරය දෝංකාර දුන්නා |mettananda
sin_4191_0775718660| mahajana hitakāmiyeku sē sæḷakena ohugē adahasak anūva navalōka rōhala idi karana ladī | මහජන හිතකාමියෙකු සේ සැළකෙන ඔහුගේ අදහසක් අනූව නවලෝක රෝහල ඉදි කරන ලදී |mettananda
sin_4191_0787987415| mema dumriya enjima aṁganayē navatā tibū dumriya peṭṭiya ehā mehā genayannaki | මෙම දුම්රිය එන්ජිම අංගනයේ නවතා තිබූ දුම්රිය පෙට්ටිය එහා මෙහා ගෙනයන්නකි |mettananda
sin_4191_1097387953| muḷu yurōpayēma tamange basa vitarayi katā karanne | මුළු යුරෝපයේම තමන්ගෙ බස විතරයි කතා කරන්නෙ |mettananda
sin_4191_1132318915| muladi maṭa eyā gæna amutu ākarṣaṇayak tibuṇe næhæ | මුලදි මට එයා ගැන අමුතු ආකර්ෂණයක් තිබුණෙ නැහැ |mettananda
sin_4191_1145258435| muladī obē nirmāṇaya apiḷiveḷa vannaṭa puḷuvani | මුලදී ඔබේ නිර්මාණය අපිළිවෙළ වන්නට පුළුවනි |mettananda
sin_4191_1152540090| ænjalin guṇatilaka mahatmiyaṭa mama væḍihiṭiyekuṭa lesa garu karanavā | ඇන්ජලින් ගුණතිලක මහත්මියට මම වැඩිහිටියෙකුට ලෙස ගරු කරනවා |mettananda
sin_4191_1193820187| muvin nobæna ivasā siṭinnaṭa vuyē venat kisivak sidu kaḷa nohæki nisāveni | මුවින් නොබැන ඉවසා සිටින්නට වුයේ වෙනත් කිසිවක් සිදු කළ නොහැකි නිසාවෙනි |mettananda
sin_4191_1210332330| āṇḍuvaṭa nopenunāṭa janatāvaṭa eka dænenavā tērenavā | ආණ්ඩුවට නොපෙනුනාට ජනතාවට එක දැනෙනවා තේරෙනවා |mettananda
sin_4191_1215841989| rattaran sereppu dekak pāvicci karapu kenek | රත්තරන් සෙරෙප්පු දෙකක් පාවිච්චි කරපු කෙනෙක් |mettananda
sin_4191_1431455372| mulin eya viśvāsa nokarana ohu pasuva ætivena siduvīm nisā eya viśvāsa karayi | මුලින් එය විශ්වාස නොකරන ඔහු පසුව ඇතිවෙන සිදුවීම් නිසා එය විශ්වාස කරයි |mettananda
sin_4191_1459066810| mēkavat parissamin pāvicci karanavanam tamayi hoṉda | මේකවත් පරිස්සමින් පාවිච්චි කරනවනම් තමයි හොඳ |mettananda
sin_4191_1621484430| hekṭar kobbǣkaḍuva govi kaṭayutu paryēṣaṇa hā puhuṇu āyatanaya | හෙක්ටර් කොබ්බෑකඩුව ගොවි කටයුතු පර්යේෂණ හා පුහුණු ආයතනය |mettananda
sin_4191_1850020742| mema sthānaya vartamāna ambatalē mṁsandhiyē æti paraṇa pārē raṇabima māvata āsannayē pævati bava sælakē | මෙම ස්ථානය වර්තමාන අඹතලේ මංසන්ධියේ ඇති පරණ පාරේ රණබිම මාවත ආසන්නයේ පැවති බව සැලකේ |mettananda
sin_4191_1905841988| eṭisalāṭ pāvicci karana miturekugenma tamayi ahanna venne | එටිසලාට් පාවිච්චි කරන මිතුරෙකුගෙන්ම තමයි අහන්න වෙන්නෙ |mettananda
sin_4191_1906392263| mema pinkamē mūlika dāyakatvaya basnāyaka nilamētumāya | මෙම පින්කමේ මූලික දායකත්වය බස්නායක නිලමේතුමාය |mettananda
sin_4191_1985651127| mēka bohō denek rūpa peṭṭiyenut narambala æti | මේක බොහෝ දෙනෙක් රූප පෙට්ටියෙනුත් නරඹල ඇති |mettananda
sin_4191_2045175083| metæn siṭa peḷa gæsennē ovun samaga kaḷa katā bahaki | මෙතැන් සිට පෙළ ගැසෙන්නේ ඔවුන් සමග කළ කතා බහකි |mettananda
sin_4191_2209321723| koḷamba koṭuvē cætam vīdiya hā janādhipati māvata asala handiyehi pihiṭuvā æta | කොළඹ කොටුවේ චැතම් වීදිය හා ජනාධිපති මාවත අසල හන්දියෙහි පිහිටුවා ඇත |mettananda
sin_4191_2481057238| mullēgama vanāntaraya pætten ali ætunagē kuṁca nādaya æseyi | මුල්ලේගම වනාන්තරය පැත්තෙන් අලි ඇතුනගේ කුංච නාදය ඇසෙයි |mettananda
sin_4191_2555709940| itiṁ pora śēp ekē æhuvalu īye rǣ mokada uṇē kiyalā | ඉතිං පොර ශේප් එකේ ඇහුවලු ඊයෙ රෑ මොකද උණේ කියලා |mettananda
sin_4191_2617746262| in anaturuva ættē bauddhayāgē atpota baṉdu vū dhammapadaya yi | ඉන් අනතුරුව ඇත්තේ බෞද්ධයාගේ අත්පොත බඳු වූ ධම්මපදය යි |mettananda
sin_4191_2746776983| namut avasānayē māhaṭa eya avasānayak kirīmaṭa nohæki viya | නමුත් අවසානයේ මාහට එය අවසානයක් කිරීමට නොහැකි විය |mettananda
sin_4191_2813652272| mē hētu dakvamin apagē aḍupāḍu sādhāraṇa karanavā | මේ හේතු දක්වමින් අපගේ අඩුපාඩු සාධාරණ කරනවා |mettananda
sin_4191_3032895838| labāgata hæki ihaḷama mānasika tattvaya vannē da meyayi | ලබාගත හැකි ඉහළම මානසික තත්ත්වය වන්නේ ද මෙයයි |mettananda
sin_4191_3041932374| vayasa avurudu dahaṭē dī pamaṇa ohu ætæns hi pævati plōṭōgē ækaḍamiyē igenuma paṭan ganiyi | වයස අවුරුදු දහඅටේ දී පමණ ඔහු ඇතැන්ස් හි පැවති ප්ලෝටෝගේ ඇකඩමියේ ඉගෙනුම පටන් ගනියි |mettananda
sin_4191_3139393731| mul avasthāvēdī væḍi kalabalayak nomætiva nīti sammata kara gannavā | මුල් අවස්ථාවේදී වැඩි කලබලයක් නොමැතිව නීති සම්මත කර ගන්නවා |mettananda
sin_4191_3243830308| metaninut ehāṭa kivvot balanna deyak næti venavanē | මෙතනිනුත් එහාට කිව්වොත් බලන්න දෙයක් නැති වෙනවනේ |mettananda
sin_4191_3330161526| mema æti toraturu viśavāsa kīrīmaṭa pavā apahasuya | මෙම ඇති තොරතුරු විශවාස කීරීමට පවා අපහසුය |mettananda
sin_4191_3511933207| mema vihārasthānaya duṭugæmuṇu yugaya tek itihāsaya karā diveyi | මෙම විහාරස්ථානය දුටුගැමුණු යුගය තෙක් ඉතිහාසය කරා දිවෙයි |mettananda
sin_4191_3765051714| mulin magē katandara kiyavā dæn nokiyavana ayat innavā æti | මුලින් මගේ කතන්දර කියවා දැන් නොකියවන අයත් ඉන්නවා ඇති |mettananda
sin_4191_3801091255| egollo ēvelāve gedara ṭīvī bala balā idala tiyenne | එගොල්ලො ඒවෙලාවෙ ගෙදර ටීවී බල බලා ඉදල තියෙන්නෙ |mettananda
sin_4191_3849203268| umbalakaḍa kǣllak taramvat māṁśamaya āhāra ehi næta | උම්බලකඩ කෑල්ලක් තරම්වත් මාංශමය ආහාර එහි නැත |mettananda
sin_4191_3943004315| mema yugayēdī noyek nīca kula jātikayan raja veti | මෙම යුගයේදී නොයෙක් නීච කුල ජාතිකයන් රජ වෙති |mettananda
sin_4191_4280364884| mē anuva buduvarun devargayak gæna karuṇu tibē | මේ අනුව බුදුවරුන් දෙවර්ගයක් ගැන කරුණු තිබේ |mettananda
sin_4191_4449174786| muhuṇupoten da meya bedā hadā gannā bava dækkā | මුහුණුපොතෙන් ද මෙය බෙදා හදා ගන්නා බව දැක්කා |mettananda
sin_4191_4452123853| apē bōḍimē hiṭapu yāḷuvekut ē gæjaṭ eka ībē eken ōḍar kalā | අපේ බෝඩිමේ හිටපු යාළුවෙකුත් ඒ ගැජට් එක ඊබේ එකෙන් ඕඩර් කලා |mettananda
sin_4191_4500918363| mobayil kanekṣan gæna kiyaddi mehema deyak maṭa vunā | මොබයිල් කනෙක්ෂන් ගැන කියද්දි මෙහෙම දෙයක් මට වුනා |mettananda
sin_4191_4651330355| meccara kal velāvak nætuva tibbē mē katāva balanna | මෙච්චර කල් වෙලාවක් නැතුව තිබ්බේ මේ කතාව බලන්න |mettananda
sin_4191_4735509282| ganudenuva ikmanin pahasuven hā ārakṣākārīva sidukeruṇā | ගනුදෙනුව ඉක්මනින් පහසුවෙන් හා ආරක්ෂාකාරීව සිදුකෙරුණා |mettananda
sin_4191_4911425062| mīṭa vasarakaṭa dekakaṭa kalin metana siṭiyē alin detun denaku pamaṇi | මීට වසරකට දෙකකට කලින් මෙතන සිටියේ අලින් දෙතුන් දෙනකු පමණි |mettananda
sin_4191_4937857846| ayiyā kenekuyi nṁgi kenekuyi himē gihiṁ tiyanavā | අයියා කෙනෙකුයි නංගි කෙනෙකුයි හිමේ ගිහිං තියනවා |mettananda
sin_4191_4990986543| aṉdinnē pennanna nam bæḷuvaṭa væræddak nǣnē | අඳින්නේ පෙන්නන්න නම් බැළුවට වැරැද්දක් නෑනේ |mettananda
sin_4191_5178909305| mēka tamayi obatumāṭa denna tibena saralama uttaraya | මේක තමයි ඔබතුමාට දෙන්න තිබෙන සරලම උත්තරය |mettananda
sin_4191_5194761742| mēke sattu balākiyā ganna kollekuyi kellekuyi innavā | මේකෙ සත්තු බලාකියා ගන්න කොල්ලෙකුයි කෙල්ලෙකුයි ඉන්නවා |mettananda
sin_4191_5270106644| dhātūn vahansēlā tænpat koṭa æti karaṇḍuva gillē ya | ධාතූන් වහන්සේලා තැන්පත් කොට ඇති කරඬුව ගිල්ලේ ය |mettananda
sin_4191_5448058974| ēka tamayi oya mæsin uṇu kævum vagē vikinennē | ඒක තමයි ඔය මැසින් උණු කැවුම් වගේ විකිනෙන්නේ |mettananda
sin_4191_5540698884| mē hāniyaṭa erehiva næṉgī ā jana virōdhaya ketaram da | මේ හානියට එරෙහිව නැඟී ආ ජන විරෝධය කෙතරම් ද |mettananda
sin_4191_5663442206| apē puṁci sit mesē ehāṭa mehoṭa gaman nokarayi | අපේ පුංචි සිත් මෙසේ එහාට මෙහොට ගමන් නොකරයි |mettananda
sin_4191_5673910593| mona rēṭiṁ da vil smit innavanam eccarayi | මොන රේටිං ද විල් ස්මිත් ඉන්නවනම් එච්චරයි |mettananda
sin_4191_5742734946| pæraṇi sen pansal dekaka ḷamā sisun dedenek viya | පැරණි සෙන් පන්සල් දෙකක ළමා සිසුන් දෙදෙනෙක් විය |mettananda
sin_4191_5850200247| antima koṭasat ehenam ikmanaṭa læbeyi kiyalā hitanavā | අන්තිම කොටසත් එහෙනම් ඉක්මනට ලැබෙයි කියලා හිතනවා |mettananda
sin_4191_5979446614| metana iṉdan gamana yanna puḷuvan usa vāhanayaka vitarayi | මෙතන ඉඳන් ගමන යන්න පුළුවන් උස වාහනයක විතරයි |mettananda
sin_4191_6060066583| devæni ekat hindi ekakma denna kiyalā illanavā | දෙවැනි එකත් හින්දි එකක්ම දෙන්න කියලා ඉල්ලනවා |mettananda
sin_4191_6121428367| beljiyama hā nedarlanta dēśasīmāvē avan halaki | බෙල්ජියම හා නෙදර්ලන්ත දේශසීමාවේ අවන් හලකි |mettananda
sin_4191_6183767482| mema gilanpasa pūjāvan bhāragat pinvatunda siṭī | මෙම ගිලන්පස පූජාවන් භාරගත් පින්වතුන්ද සිටී |mettananda
sin_4191_6211084298| guruvarayakugen sṁgītaya igenagænīmaṭa avasthāva læbennē kohomada | ගුරුවරයකුගෙන් සංගීතය ඉගෙනගැනීමට අවස්ථාව ලැබෙන්නේ කොහොමද |mettananda
sin_4191_6256610560| carita goḍak ekka hena pissu tibuṇa kāṭun sīrīs ekak | චරිත ගොඩක් එක්ක හෙන පිස්සු තිබුණ කාටුන් සීරීස් එකක් |mettananda
sin_4191_6272319092| dhanātmaka cintanaya pubuduvālamin haravat rasavat lipi | ධනාත්මක චින්තනය පුබුදුවාලමින් හරවත් රසවත් ලිපි |mettananda
sin_4191_6385716966| metæna maraṇa dænvīm dāna eka gæna neveyi katāva | මෙතැන මරණ දැන්වීම් දාන එක ගැන නෙවෙයි කතාව |mettananda
sin_4191_6622838331| mēka dēśapālanika mānasika rōgīn pirisakagē tīnduvak | මේක දේශපාලනික මානසික රෝගීන් පිරිසකගේ තීන්දුවක් |mettananda
sin_4191_6631088849| antarjātika bihiri taraṉga mulin ma ārambha vuyē pærīsiyēdīya | අන්තර්ජාතික බිහිරි තරඟ මුලින් ම ආරම්භ වුයේ පැරීසියේදීය |mettananda
sin_4191_6831900813| un eka pāraṭama nivan nodakina bavanam maṭa viśvāsayi | උන් එක පාරටම නිවන් නොදකින බවනම් මට විශ්වාසයි |mettananda
sin_4191_6884104471| ehet mē vanaviṭa mema guvantoṭupoḷa bhāvita karannē flayi ḍubāyi guvan sēvayaṭa ayat ek yānayak pamaṇi | එහෙත් මේ වනවිට මෙම ගුවන්තොටුපොළ භාවිත කරන්නේ ෆ්ලයි ඩුබායි ගුවන් සේවයට අයත් එක් යානයක් පමණි |mettananda
sin_4191_6888322321| aḍuma tarame iṭi kolayak hari dāla kaṭa bæṉdaganna ōne | අඩුම තරමෙ ඉටි කොලයක් හරි දාල කට බැඳගන්න ඕනෙ |mettananda
sin_4191_6956602368| mema aparādhayē viśēṣatvaya vūyē mē barapataḷa aparādhaya kāntāvak atin siduvīmaya | මෙම අපරාධයේ විශේෂත්වය වූයේ මේ බරපතළ අපරාධය කාන්තාවක් අතින් සිදුවීමය |mettananda
sin_4191_7036331207| burumayē ræṁgun nuvarada kaṉda kumaru vandanīya mahā dēvālayaki | බුරුමයේ රැංගුන් නුවරද කඳ කුමරු වන්දනීය මහා දේවාලයකි |mettananda
sin_4191_7236977312| mema piḷigænuma tuḷin īṭa api siyallōma muhuṇa diya yutumaya | මෙම පිළිගැනුම තුළින් ඊට අපි සියල්ලෝම මුහුණ දිය යුතුමය |mettananda
sin_4191_7529260011| aḷut pāra giyat paraṇa pāra dekama yanne ekama tænaṭa | අළුත් පාර ගියත් පරණ පාර දෙකම යන්නෙ එකම තැනට |mettananda
sin_4191_7576517851| iḍa læbena vidiyaṭa kalā kaṭayutuvalaṭat dāyaka venavā | ඉඩ ලැබෙන විදියට කලා කටයුතුවලටත් දායක වෙනවා |mettananda
sin_4191_7593401073| aṁka gaṇitaya ugænvīmaṭa yana ohuṭa vīja gaṇitaya væradī æta | අංක ගණිතය උගැන්වීමට යන ඔහුට වීජ ගණිතය වැරදී ඇත |mettananda
sin_4191_7801880519| mē mē dharmayō svarga mōkṣa dekaṭa hētu veyi | මේ මේ ධර්මයෝ ස්වර්ග මෝක්ෂ දෙකට හේතු වෙයි |mettananda
sin_4191_7979120429| mē dantadhātu mandiraya muḷumaninma nimavā ættē sat ruvanini | මේ දන්තධාතු මන්දිරය මුළුමනින්ම නිමවා ඇත්තේ සත් රුවනිනි |mettananda
sin_4191_8104288206| paramparāven paramparāvaṭa kiyala dena evva koccara tiyanavada | පරම්පරාවෙන් පරම්පරාවට කියල දෙන එව්ව කොච්චර තියනවද |mettananda
sin_4191_8169950827| mēkā daḍayam hoyāgena ena atarē ḷiṉdaṭa væṭenna æti | මේකා දඩයම් හොයාගෙන එන අතරේ ළිඳට වැටෙන්න ඇති |mettananda
sin_4191_8171191899| mudalāligē pandama pasupasa jinadāsa mahatā ṭika durak avēya | මුදලාලිගේ පන්දම පසුපස ජිනදාස මහතා ටික දුරක් අවේය |mettananda
sin_4191_8189115761| budurajāṇan vahansē væḍasiṭiyet rajagaha nuvaramayi | බුදුරජාණන් වහන්සේ වැඩසිටියෙත් රජගහ නුවරමයි |mettananda
sin_4191_8191737363| invæḍi pirisak jīvatvannē āsiyānu kalāpayē | ඉන්වැඩි පිරිසක් ජීවත්වන්නේ ආසියානු කලාපයේ |mettananda
sin_4191_8268722814| menna mē pasvelā yana svabhāvayaṭa ayiti dē oba tuḷa tiyenavā | මෙන්න මේ පස්වෙලා යන ස්වභාවයට අයිති දේ ඔබ තුළ තියෙනවා |mettananda
sin_4191_8578172520| mēket hiṭiye hurupurudu supiri naḷuvek tamayi | මේකෙත් හිටියෙ හුරුපුරුදු සුපිරි නළුවෙක් තමයි |mettananda
sin_4191_8588687224| antar jālayaṭa rahas liyavīlla mudā hæriye kavurunda | අන්තර් ජාලයට රහස් ලියවීල්ල මුදා හැරියෙ කවුරුන්ද |mettananda
sin_4191_8641833511| menna mēvā tamayi diyuṇu vena sitaka ætivena lakṣaṇa | මෙන්න මේවා තමයි දියුණු වෙන සිතක ඇතිවෙන ලක්ෂණ |mettananda
sin_4191_8868125608| mul kāle nam ninda gihillat hitila tibuna | මුල් කාලෙ නම් නින්ද ගිහිල්ලත් හිතිල තිබුන |mettananda
sin_4191_8951650920| gasa uḍa ratu pæhæti bōlaya nivi nivī pattu veyi | ගස උඩ රතු පැහැති බෝලය නිවි නිවී පත්තු වෙයි |mettananda
sin_4191_9000314783| mema jīvīn gaman gannā yānāvala viśālatvaya pudumaya danavana katāvak | මෙම ජීවීන් ගමන් ගන්නා යානාවල විශාලත්වය පුදුමය දනවන කතාවක් |mettananda
sin_4191_9083362090| mē lōkayē devivaru minissu hæmōma sæpayaṭa kæmatiyi | මේ ලෝකයේ දෙවිවරු මිනිස්සු හැමෝම සැපයට කැමතියි |mettananda
sin_4191_9109171944| mē anuva sammā diṭṭhikayō varga tunak innavā | මේ අනුව සම්මා දිට්ඨිකයෝ වර්ග තුනක් ඉන්නවා |mettananda
sin_4191_9226752254| amarasiri mahatāgē meheyavīmen parīkṣaṇa sidu kerē | අමරසිරි මහතාගේ මෙහෙයවීමෙන් පරීක්ෂණ සිදු කෙරේ |mettananda
sin_4191_9251059993| guṇa sæmaruma venuven pinkam mālāvak pævætviṇi | ගුණ සැමරුම වෙනුවෙන් පින්කම් මාලාවක් පැවැත්විණි |mettananda
sin_4191_9301440587| munivarayāt gamē hæsiriya yuttē ē vidihaṭayi | මුනිවරයාත් ගමේ හැසිරිය යුත්තේ ඒ විදිහටයි |mettananda
sin_4191_9532114718| mōḍigē māpiyō baṭahira gujarāṭayē aḍu kulayakaṭa ayat vūvōya | මෝඩිගේ මාපියෝ බටහිර ගුජරාටයේ අඩු කුලයකට අයත් වූවෝය |mettananda
sin_4191_9563817088| nodænna vacana vala tērum hoyannē kī denāva da | නොදැන්න වචන වල තේරුම් හොයන්නේ කී දෙනාව ද |mettananda
sin_4191_9663352176| abēkōn mahatā nivēdanayak nikut karamin pavasayi | අබේකෝන් මහතා නිවේදනයක් නිකුත් කරමින් පවසයි |mettananda
sin_4191_9753595406| ātar sī klārk mahatā mīṭa kalakaṭa pera mē tatvaya gæna anāvæki palakalā | ආතර් සී ක්ලාර්ක් මහතා මීට කලකට පෙර මේ තත්වය ගැන අනාවැකි පලකලා |mettananda
sin_4191_9782933972| mema podu sṁkalpaya raṉdā pavatinnē kumak mata da | මෙම පොදු සංකල්පය රඳා පවතින්නේ කුමක් මත ද |mettananda
sin_4191_9881914233| muḷu jīvitē ma ætæm aya kæpa karannē rūpaya venuven | මුළු ජීවිතේ ම ඇතැම් අය කැප කරන්නේ රූපය වෙනුවෙන් |mettananda
sin_4191_9896411852| mē aṁgaya da sīla koṭasaṭama ayatvana bava sælakiya yutu ya | මේ අංගය ද සීල කොටසටම අයත්වන බව සැලකිය යුතු ය |mettananda
sin_4499_0114430080| siyalū mārga jīp vǣn bas ratha dhāvanayaṭa sudusu tattvayen pavatī | සියලූ මාර්ග ජීප් වෑන් බස් රථ ධාවනයට සුදුසු තත්ත්වයෙන් පවතී |mettananda
sin_4499_0131237329| mōḍayō kaṭa æriyāma tavat lakṣa gaṇanakagē jīvita anaturē | මෝඩයෝ කට ඇරියාම තවත් ලක්ෂ ගණනකගේ ජීවිත අනතුරේ |mettananda
sin_4499_0169754617| hæbæyi kukul koṭuva bāra dīlā tiyennē naṭinṭa | හැබැයි කුකුල් කොටුව බාර දීලා තියෙන්නේ නටින්ට |mettananda
sin_4499_0370270269| mokakda yakō vikṭar ratnāyakagē lōkeṭa parakāsē kiyannē | මොකක්ද යකෝ වික්ටර් රත්නායකගේ ලෝකෙට පරකාසේ කියන්නේ |mettananda
sin_4499_0404038733| mīṭa amatarava haṉdagamagē sinamātmaka bhāṣāvaṭa hasuvana gæhæṇiyak siṭī | මීට අමතරව හඳගමගේ සිනමාත්මක භාෂාවට හසුවන ගැහැණියක් සිටී |mettananda
sin_4499_0489636757| rūḍi mohuṭa ḍoriyan kiyana sahayakayāva haṉdunvalā denavā | රූඩි මොහුට ඩොරියන් කියන සහයකයාව හඳුන්වලා දෙනවා |mettananda
sin_4499_0662656844| hæbæyi kohoma hari sannivēdanaya tērum ganna puḷuvan unā | හැබැයි කොහොම හරි සන්නිවේදනය තේරුම් ගන්න පුළුවන් උනා |mettananda
sin_4499_0738942917| stuti mē dēval apiṭa mē ākārayaṭa labā denavaṭa | ස්තුති මේ දේවල් අපිට මේ ආකාරයට ලබා දෙනවට |mettananda
sin_4499_0793705773| mīṭa amatarava ruhuṇu sṁcāraka kāryṁśaya magin sṁvidhānaya kaḷa ruhuṇupura | මීට අමතරව රුහුණු සංචාරක කාර්යංශය මගින් සංවිධානය කළ රුහුණුපුර |mettananda
sin_4499_0827187887| yahapat nāyakayek vīmaṭa meya vaṭināma hētuvak vē | යහපත් නායකයෙක් වීමට මෙය වටිනාම හේතුවක් වේ |mettananda
sin_4499_0969920331| pævidda nam vū hudekalā vū gæmburu tīraṇaya udesā mavupiya āśirvādaya læbennē itāmat kalāturakini | පැවිද්ද නම් වූ හුදෙකලා වූ ගැඹුරු තීරණය උදෙසා මවුපිය ආශිර්වාදය ලැබෙන්නේ ඉතාමත් කලාතුරකිනි |mettananda
sin_4499_1340106692| situvam piḷibaṉdava vacanayen mævū tavat sittamaki | සිතුවම් පිළිබඳව වචනයෙන් මැවූ තවත් සිත්තමකි |mettananda
sin_4499_1394382437| lōkaya tatu paridden daknā hetema akampā da veyi | ලෝකය තතු පරිද්දෙන් දක්නා හෙතෙම අකම්පා ද වෙයි |mettananda
sin_4499_1605766632| svabhāvika galak yodāgena mahindāgamanayada nimavā tibē | ස්වභාවික ගලක් යොදාගෙන මහින්දාගමනයද නිමවා තිබේ |mettananda
sin_4499_1635215896| raṭē puravæsiyan rækiyā kala yuttē meraṭa misak arābiyē novē | රටේ පුරවැසියන් රැකියා කල යුත්තේ මෙරට මිසක් අරාබියේ නොවේ |mettananda
sin_4499_1807969031| momṭās nitarama hitannē meyā gæna væradiyaṭa | මොම්ටාස් නිතරම හිතන්නේ මෙයා ගැන වැරදියට |mettananda
sin_4499_1814411882| moragollē siri ñāṇōbhāsa tissa nāhimigē artha vivaraṇaya | මොරගොල්ලේ සිරි ඤාණෝභාස තිස්ස නාහිමිගේ අර්ථ විවරණය |mettananda
sin_4499_1908274099| sarvabaladhārī deviyan yaṭapat kirīmaṭa utsāhayak gata yutu næta | සර්වබලධාරී දෙවියන් යටපත් කිරීමට උත්සාහයක් ගත යුතු නැත |mettananda
sin_4499_1936250319| mokada kakā ada pattaraya gæna sadahanak karala tibba nisā | මොකද කකා අද පත්තරය ගැන සදහනක් කරල තිබ්බ නිසා |mettananda
sin_4499_2027574817| mokada mē vagē ayiyek tamā nṁgiyekṭa inna ōnē | මොකද මේ වගේ අයියෙක් තමා නංගියෙක්ට ඉන්න ඕනේ |mettananda
sin_4499_2091699786| mokada ovunṭa ovunvama epāvana dinayak laṉgadīma enu æta | මොකද ඔවුන්ට ඔවුන්වම එපාවන දිනයක් ලඟදීම එනු ඇත |mettananda
sin_4499_2251050505| ræskirīm balāporottu aḍu kaḷa hæki vannē ya | රැස්කිරීම් බලාපොරොත්තු අඩු කළ හැකි වන්නේ ය |mettananda
sin_4499_2261530981| sæptæmbar mula iṉdan digaṭama denna puluvan | සැප්තැම්බර් මුල ඉඳන් දිගටම දෙන්න පුලුවන් |mettananda
sin_4499_2359609884| moḷayen paṭan gena horenma manasaṭa riṁgāgena avasan karayi | මොළයෙන් පටන් ගෙන හොරෙන්ම මනසට රිංගාගෙන අවසන් කරයි |mettananda
sin_4499_2570397926| mokada ohugē sṁgītayē næhæ kisima indiyānu sṁgītayak | මොකද ඔහුගේ සංගීතයේ නැහැ කිසිම ඉන්දියානු සංගීතයක් |mettananda
sin_4499_2573992768| sṭīvan spilbarg gē nam itin ahanna deyak næ | ස්ටීවන් ස්පිල්බර්ග් ගේ නම් ඉතින් අහන්න දෙයක් නැ |mettananda
sin_4499_2587568002| yanna kalin oyālagē adahas pahalin liyā yanna | යන්න කලින් ඔයාලගේ අදහස් පහලින් ලියා යන්න |mettananda
sin_4499_2591708145| rabar kiri eka maha visāla bælumak vagē pimbenṭa paṭan gattā | රබර් කිරි එක මහ විසාල බැලුමක් වගේ පිම්බෙන්ට පටන් ගත්තා |mettananda
sin_4499_2634715980| hæbæyi mē kollā tamilnāḍuvē demala kollek | හැබැයි මේ කොල්ලා තමිල්නාඩුවේ දෙමල කොල්ලෙක් |mettananda
sin_4499_2693792562| mona hētuvakaṭavat eka satekṭa viśēṣaka dakvanḍa bæhæ | මොන හේතුවකටවත් එක සතෙක්ට විශේෂක දක්වන්ඩ බැහැ |mettananda
sin_4499_2763284720| ohu jīvat vuṇē pālampūr hi tibū dævænta mandirayakayi | ඔහු ජීවත් වුණේ පාලම්පූර් හි තිබූ දැවැන්ත මන්දිරයකයි |mettananda
sin_4499_2841235684| rækiyā kaṭayutu yahapat lesa karagena yāmaṭa hækivē | රැකියා කටයුතු යහපත් ලෙස කරගෙන යාමට හැකිවේ |mettananda
sin_4499_3200468726| rækīrakṣā sambandhayen śubhavādī tattvayak pennum karayi | රැකීරක්ෂා සම්බන්ධයෙන් ශුභවාදී තත්ත්වයක් පෙන්නුම් කරයි |mettananda
sin_4499_3417180693| sṭænis kiyanne ættaṭama bohoma nītigaruka kenek | ස්ටැනිස් කියන්නෙ ඇත්තටම බොහොම නීතිගරුක කෙනෙක් |mettananda
sin_4499_3418113093| salman khānge film ekak nam atarinne nǣ | සල්මන් ඛාන්ගෙ ෆිල්ම් එකක් නම් අතඅරින්නෙ නෑ |mettananda
sin_4499_4310038373| raṉgapǣmen yam kisi hoṉda deyak kirīma mudalaṭa vaḍā agayanavā | රඟපෑමෙන් යම් කිසි හොඳ දෙයක් කිරීම මුදලට වඩා අගයනවා |mettananda
sin_4499_4334139963| mokada anek padakkam valaṭa vaṭinākamak næti venava | මොකද අනෙක් පදක්කම් වලට වටිනාකමක් නැති වෙනව |mettananda
sin_4499_4370914307| mōṭar rathayē siṭi pirisa dehivala siṭa yāpanaya dakvā gaman karamin siṭa æta | මෝටර් රථයේ සිටි පිරිස දෙහිවල සිට යාපනය දක්වා ගමන් කරමින් සිට ඇත |mettananda
sin_4499_4495232516| hæbæyi visa kiyala nekṭo ehema bīla pennayi | හැබැයි විස කියල නෙක්ටො එහෙම බීල පෙන්නයි |mettananda
sin_4499_4512522063| sikurādāda tavat katandarayak balāporottu vanna | සිකුරාදාද තවත් කතන්දරයක් බලාපොරොත්තු වන්න |mettananda
sin_4499_4574402939| mohu piḷibaṉdava net magin heḷidarav kala hæṭi pahatin dækvē | මොහු පිළිබඳව නෙත් මගින් හෙළිදරව් කල හැටි පහතින් දැක්වේ |mettananda
sin_4499_4645217423| saraṇapāla mē biṁgē ætule tundenekuṭa nidā ganna puḷuvanda | සරණපාල මේ බිංගේ ඇතුලෙ තුන්දෙනෙකුට නිදා ගන්න පුළුවන්ද |mettananda
sin_4499_4694621905| rajjuruvō ikmanin vīthi sṁcāraya avasan kaḷā | රජ්ජුරුවෝ ඉක්මනින් වීථි සංචාරය අවසන් කළා |mettananda
sin_4499_4827208401| hæma vacanayakma siyayaṭa siyayak parivarthanaya karanna bæhæ | හැම වචනයක්ම සියයට සියයක් පරිවර්ථනය කරන්න බැහැ |mettananda
sin_4499_4838985833| yānāva toraturu evanne kæmarāvalin gattuvā nemeyida | යානාව තොරතුරු එවන්නෙ කැමරාවලින් ගත්තුවා නෙමෙයිද |mettananda
sin_4499_4851077487| yasōdarā dēviyangē væḍimahal sahōdarayā vunē dēvadatta | යසෝදරා දේවියන්ගේ වැඩිමහල් සහෝදරයා වුනේ දේවදත්ත |mettananda
sin_4499_4934980840| yana gaman maga gænat poḍḍak kiyanna puḷuvanda | යන ගමන් මග ගැනත් පොඩ්ඩක් කියන්න පුළුවන්ද |mettananda
sin_4499_5258086233| stutiyi onna itin hæmadāmat mama antimayā | ස්තුතියි ඔන්න ඉතින් හැමදාමත් මම අන්තිමයා |mettananda
sin_4499_5267517726| yāpanayē rajayē āyatanavala demala parivartana sahita bōḍ lǣli æta | යාපනයේ රජයේ ආයතනවල දෙමල පරිවර්තන සහිත බෝඩ් ලෑලි ඇත |mettananda
sin_4499_5491065672| mokada tavamat ovun yuddhayen pīḍā viṉda viṉda iṉdalā gælavuṇā vitarane | මොකද තවමත් ඔවුන් යුද්ධයෙන් පීඩා විඳ විඳ ඉඳලා ගැලවුණා විතරනෙ |mettananda
sin_4499_5649909465| hālmessek vat kanna puluvanda māra gaṇan nē | හාල්මෙස්සෙක් වත් කන්න පුලුවන්ද මාර ගණන් නේ |mettananda
sin_4499_5730239991| siṁhalayē væḍima varada karannē akuru livīmē dīya | සිංහලයේ වැඩිම වරද කරන්නේ අකුරු ලිවීමේ දීය |mettananda
sin_4499_5782295617| sākṣiyak notabāma niśānta maru væḷaṉda gattēya | සාක්ෂියක් නොතබාම නිශාන්ත මරු වැළඳ ගත්තේය |mettananda
sin_4499_5782661921| lōkayē vāsanāvantama pudgalayā rajatumā bava æya situvā ya | ලෝකයේ වාසනාවන්තම පුද්ගලයා රජතුමා බව ඇය සිතුවා ය |mettananda
sin_4499_5855400764| raṭa muhuṇa dī siṭina arbudayē tarama itā pæhædili vē | රට මුහුණ දී සිටින අර්බුදයේ තරම ඉතා පැහැදිලි වේ |mettananda
sin_4499_5880983232| raṭṭhapāla kumaru gihigeya hæra pævidi vī siṭiyi | රට්ඨපාල කුමරු ගිහිගෙය හැර පැවිදි වී සිටියි |mettananda
sin_4499_6000339608| rajaraṭa eḷāra rajuṭa viruddhava māgama siṭa piṭat vū yuda sēnāva | රජරට එළාර රජුට විරුද්ධව මාගම සිට පිටත් වූ යුද සේනාව |mettananda
sin_4499_6091340100| raṇabima mærena udaviyage kǣlit nǣ samahara velāvaṭa | රණබිම මැරෙන උදවියගෙ කෑලිත් නෑ සමහර වෙලාවට |mettananda
sin_4499_6172225788| skoṭ saha ælisan iskōle inne nætiva yanavā | ස්කොට් සහ ඇලිසන් ඉස්කෝලෙ ඉන්නෙ නැතිව යනවා |mettananda
sin_4499_6196191419| mokada jīp rathayakin pahasuvenma ē dura yanna puḷuvan veyi | මොකද ජීප් රථයකින් පහසුවෙන්ම ඒ දුර යන්න පුළුවන් වෙයි |mettananda
sin_4499_6360196746| pāramparika dēval rækaganna samaharun samiti hadalā tibenavā | පාරම්පරික දේවල් රැකගන්න සමහරුන් සමිති හදලා තිබෙනවා |mettananda
sin_4499_6421486096| mokada mē raṭē evæni milēccha daṇḍuvam denne næ | මොකද මේ රටේ එවැනි මිලේච්ඡ දඬුවම් දෙන්නෙ නැ |mettananda
sin_4499_6583661752| yāḷuvā ara ipæraṇi puduma hata gænat lipiyak liyamu nēda | යාළුවා අර ඉපැරණි පුදුම හත ගැනත් ලිපියක් ලියමු නේද |mettananda
sin_4499_6596589045| havāyi dūpatē pūnāḷu veraḷa tīraya disvannē kaḷu pæhæyeni | හවායි දූපතේ පූනාළු වෙරළ තීරය දිස්වන්නේ කළු පැහැයෙනි |mettananda
sin_4499_6612127123| mokada mama mulinma nivēdakayek vidiyaṭa væḍa kaḷā | මොකද මම මුලින්ම නිවේදකයෙක් විදියට වැඩ කළා |mettananda
sin_4499_6630767315| lōka janatāva ārthika arbudayakaṭa patva siṭina avasthāvaki mē | ලෝක ජනතාව ආර්ථික අර්බුදයකට පත්ව සිටින අවස්ථාවකි මේ |mettananda
sin_4499_6634420867| mōṭar sayikal himiyanṭa epamaṇa viśāla mudalak væya karanna bæhæ | මෝටර් සයිකල් හිමියන්ට එපමණ විශාල මුදලක් වැය කරන්න බැහැ |mettananda
sin_4499_6700379826| safrayi mamayi ā giya tæn pavā mama tuṣāriṭa pennuvā | සෆ්රයි මමයි ආ ගිය තැන් පවා මම තුෂාරිට පෙන්නුවා |mettananda
sin_4499_6711432594| mokaṭada oya puhuṇuva paṭan gattē unṭika dænuvatva nē | මොකටද ඔය පුහුණුව පටන් ගත්තේ උන්ටික දැනුවත්ව නේ |mettananda
sin_4499_6764052784| halāl sahatikaya sahita kukul mas pamaṇak nipadavana āyatanayak | හලාල් සහතිකය සහිත කුකුල් මස් පමණක් නිපදවන ආයතනයක් |mettananda
sin_4499_6954911714| samastha paddhatiyaṭa nositū hāniyak venna puḷuvan | සමස්ථ පද්ධතියට නොසිතූ හානියක් වෙන්න පුළුවන් |mettananda
sin_4499_6964954489| mokada ohuṭa kæmati kisima niladhāriyek næti nisā | මොකද ඔහුට කැමති කිසිම නිලධාරියෙක් නැති නිසා |mettananda
sin_4499_6967780888| hariyaṭa magulgedaraka devana manamāliyek innavā vagē | හරියට මගුල්ගෙදරක දෙවන මනමාලියෙක් ඉන්නවා වගේ |mettananda
sin_4499_6975806565| mohu diya yaṭin gindara genayana ākārayē pudgalayeki | මොහු දිය යටින් ගින්දර ගෙනයන ආකාරයේ පුද්ගලයෙකි |mettananda
sin_4499_7010974800| hæbæyi mē kaḷukum dennā depiḷaka dennek | හැබැයි මේ කළුකුම් දෙන්නා දෙපිළක දෙන්නෙක් |mettananda
sin_4499_7098951172| mīṭa amatarava minihā anungē redi hōdana væḍet karanavā | මීට අමතරව මිනිහා අනුන්ගේ රෙදි හෝදන වැඩෙත් කරනවා |mettananda
sin_4499_7187342925| yāpanayē ayaṭat edā pustakāla gini tiyapuvā amatakayi | යාපනයේ අයටත් එදා පුස්තකාල ගිනි තියපුවා අමතකයි |mettananda
sin_4499_7224132879| sahalvala suvaṉda rædī ættē ema sahal viśēṣayaṭa āvēṇika paridiya | සහල්වල සුවඳ රැදී ඇත්තේ එම සහල් විශේෂයට ආවේණික පරිදිය |mettananda
sin_4499_7244966660| samahara kannavala niṣpādanaya æti vuṇāṭa tavat samahara kanna vala niṣpādanaya næhæ | සමහර කන්නවල නිෂ්පාදනය ඇති වුණාට තවත් සමහර කන්න වල නිෂ්පාදනය නැහැ |mettananda
sin_4499_7252566084| yāñā kirīmat ovun dedenāgē igænvīm valaṭa anuva kerennaki | යාඤා කිරීමත් ඔවුන් දෙදෙනාගේ ඉගැන්වීම් වලට අනුව කෙරෙන්නකි |mettananda
sin_4499_7572839883| ræjiṇa vaṭā ēkarāśivīma mīmæssangē svabhāvayak nisā | රැජිණ වටා ඒකරාශිවීම මීමැස්සන්ගේ ස්වභාවයක් නිසා |mettananda
sin_4499_7578494831| hālpāruvā yanu vel vidānēgē sahakaruvek venna ōnǣ | හාල්පාරුවා යනු වෙල් විදානේගේ සහකරුවෙක් වෙන්න ඕනෑ |mettananda
sin_4499_7671384662| ek dahas navasiya asū hatē pebaravāri hatara kavadda | එක් දහස් නවසිය අසූ හතේ පෙබරවාරි හතර කවද්ද |mettananda
sin_4499_7694589002| hæma jīviyekuṭama jīvat vīmaṭa ayitiyak tiyenavā | හැම ජීවියෙකුටම ජීවත් වීමට අයිතියක් තියෙනවා |mettananda
sin_4499_7694593009| mīṭa amatarava mē īmēl evannā gē vistarayakda ē īmēl ekē tibiya yutuya | මීට අමතරව මේ ඊමේල් එවන්නා ගේ විස්තරයක්ද ඒ ඊමේල් එකේ තිබිය යුතුය |mettananda
sin_4499_7725344030| mokada eyāva magē amma tāttā taramaṭa viśvāsa kaḷā ēkayi | මොකද එයාව මගේ අම්ම තාත්තා තරමට විශ්වාස කළා ඒකයි |mettananda
sin_4499_8011781797| rṁcuven piṭastara pavulak nam un siṭinnē venamaya | රංචුවෙන් පිටස්තර පවුලක් නම් උන් සිටින්නේ වෙනමය |mettananda
sin_4499_8034784743| ratnapura maha saman dēvālayē sidu kerena puda pūjā | රත්නපුර මහ සමන් දේවාලයේ සිදු කෙරෙන පුද පූජා |mettananda
sin_4499_8058843174| pukkusayeni ē puruṣayā haṭa mē adahasa ætivūyē ya | පුක්කුසයෙනි ඒ පුරුෂයා හට මේ අදහස ඇතිවූයේ ය |mettananda
sin_4499_8096973847| sayiman sṁsāraya ohē tibuṇāvē kiyalā innē nǣ | සයිමන් සංසාරය ඔහේ තිබුණාවේ කියලා ඉන්නේ නෑ |mettananda
sin_4499_8569371476| rākṣā kiyalā kivvē edā raṭa ārakṣā karapu ayaṭa | රාක්ෂා කියලා කිව්වේ එදා රට ආරක්ෂා කරපු අයට |mettananda
sin_4499_8627105999| lōkaya varadavā dakvana penvana pāṭa kaṇṇāḍiyak væni ya | ලෝකය වරදවා දක්වන පෙන්වන පාට කණ්ණාඩියක් වැනි ය |mettananda
sin_4499_8751799377| vāḍivelā indæddī vāḍivelā innavā kiyala dænagannavā | වාඩිවෙලා ඉන්දැද්දී වාඩිවෙලා ඉන්නවා කියල දැනගන්නවා |mettananda
sin_4499_8770635976| pudgala śikṣaṇayaṭa unvahansē labādun avavādaya mahatya | පුද්ගල ශික්ෂණයට උන්වහන්සේ ලබාදුන් අවවාදය මහත්ය |mettananda
sin_4499_8843016891| mokada ohu potē saṉdahan caritayaṭa vaḍā bohoma væḍimahalu kenek | මොකද ඔහු පොතේ සඳහන් චරිතයට වඩා බොහොම වැඩිමහලු කෙනෙක් |mettananda
sin_4499_8955203282| hæbæyi saman mahattayāva nam dækala tiyenavā hoṉdaṭa | හැබැයි සමන් මහත්තයාව නම් දැකල තියෙනවා හොඳට |mettananda
sin_4499_9261229715| salli næti kenekuṭa unat igenaganna puluvanne | සල්ලි නැති කෙනෙකුට උනත් ඉගෙනගන්න පුලුවන්නෙ |mettananda
sin_4499_9456062405| hæbæyi oyāva ē aṉduren galavāganna vidiyat mama dannavā | හැබැයි ඔයාව ඒ අඳුරෙන් ගලවාගන්න විදියත් මම දන්නවා |mettananda
sin_4499_9534933205| lōkavāsī bauddhayā vividha vū ākārayen pavatvanu læbē | ලෝකවාසී බෞද්ධයා විවිධ වූ ආකාරයෙන් පවත්වනු ලැබේ |mettananda
sin_4499_9584059479| mokakda mē nilmiṇi gæna kiyævena alut ārṁciya | මොකක්ද මේ නිල්මිණි ගැන කියැවෙන අලුත් ආරංචිය |mettananda
sin_4499_9616567575| sæmaṭa sǣmaviṭama viduliya dæn yathārthayak velā | සැමට සෑමවිටම විදුලිය දැන් යථාර්ථයක් වෙලා |mettananda
sin_4499_9932549238| sahajīvanaya saha sahayōgaya kiyalat mēkaṭa kiyanna puḷuvan | සහජීවනය සහ සහයෝගය කියලත් මේකට කියන්න පුළුවන් |mettananda
sin_4499_9989112491| yāpanē bēkari karapu ayagē paramparāva āpahu ennē nǣ | යාපනේ බේකරි කරපු අයගේ පරම්පරාව ආපහු එන්නේ නෑ |mettananda
sin_5681_0174883328| mema puvata æsu mohotēma mema nivasa bælimaṭa ovuhu giyaha | මෙම පුවත ඇසු මොහොතේම මෙම නිවස බැලිමට ඔවුහු ගියහ |mettananda
sin_5681_0286367855| mema sthānaya girihaṇḍu næmæti sthānayak bava pūjāvaliyē pævasē | මෙම ස්ථානය ගිරිහඬු නැමැති ස්ථානයක් බව පූජාවලියේ පැවසේ |mettananda
sin_5681_0356985620| yakṣayāgē kuriru napuru adahasda mema sṁvādayē gæbva tibē | යක්ෂයාගේ කුරිරු නපුරු අදහස්ද මෙම සංවාදයේ ගැබ්ව තිබේ |mettananda
sin_5681_0579348221| khanija tel sampat sṁvardhana æmæti duminda disānāyaka | ඛනිජ තෙල් සම්පත් සංවර්ධන ඇමැති දුමින්ද දිසානායක |mettananda
sin_5681_0691125093| bædīm monataram siyum dæyi tērum gata hækiya | බැදීම් මොනතරම් සියුම් දැයි තේරුම් ගත හැකිය |mettananda
sin_5681_0822826887| agni jātiyē tējō balaya aḍapaṇa vana ekama davasa ēkayi | අග්නි ජාතියේ තේජෝ බලය අඩපණ වන එකම දවස ඒකයි |mettananda
sin_5681_0999622831| mokada viduliya nodæna bhāvitaya maru kæṉdaviya hæka | මොකද විදුලිය නොදැන භාවිතය මරු කැඳවිය හැක |mettananda
sin_5681_1230425212| mē poḍi dēval valaṭa raṇḍu velā tērumak næhæ | මේ පොඩි දේවල් වලට රණ්ඩු වෙලා තේරුමක් නැහැ |mettananda
sin_5681_1244566792| lōka janatāva ārthika arbudayakaṭa patva siṭina avasthāvaki mē | ලෝක ජනතාව ආර්ථික අර්බුදයකට පත්ව සිටින අවස්ථාවකි මේ |mettananda
sin_5681_1305360219| meya sæpavat deyin væḷakī siṭīmaṭa huru kirīmaki | මෙය සැපවත් දෙයින් වැළකී සිටීමට හුරු කිරීමකි |mettananda
sin_5681_1514844700| in pasu kaha kurullā piyǣmbuyē rṁcuva mædaṭa vannaṭaya | ඉන් පසු කහ කුරුල්ලා පියෑඹුයේ රංචුව මැදට වන්නටය |mettananda
sin_5681_1542552775| upāli gæna kaṭakatāvaṭa piḷituru ada divayinē tiyenavā | උපාලි ගැන කටකතාවට පිළිතුරු අද දිවයිනේ තියෙනවා |mettananda
sin_5681_1620834144| mema dhanaya pæmiṇennē meraṭa bæṁku paddhatiya ossēya | මෙම ධනය පැමිණෙන්නේ මෙරට බැංකු පද්ධතිය ඔස්සේය |mettananda
sin_5681_1680024888| maḍē upan piyuma diya matu piṭaṭa pæmiṇena vikasita veyi | මඩේ උපන් පියුම දිය මතු පිටට පැමිණෙන විකසිත වෙයි |mettananda
sin_5681_1719123268| upakaraṇa pannipiṭiyaṭa genavit nidivarāgena ēvā alūtvæḍiyā karannaṭa sidu viya | උපකරණ පන්නිපිටියට ගෙනවිත් නිදිවරාගෙන ඒවා අලූත්වැඩියා කරන්නට සිදු විය |mettananda
sin_5681_1822800525| mēvæḍavala vagakīmen koṭasak obatumīt bāraganna ōna | මේවැඩවල වගකීමෙන් කොටසක් ඔබතුමීත් බාරගන්න ඕන |mettananda
sin_5681_1829059880| ānayanaya karana indhanavala viyadamen tunen ekak venkarannē viduliya nipadavīmaṭayi | ආනයනය කරන ඉන්ධනවල වියදමෙන් තුනෙන් එකක් වෙන්කරන්නේ විදුලිය නිපදවීමටයි |mettananda
sin_5681_1884981022| kaṭṭiyaṭama mē koṭasa rasavidinna kiyalā ārādhanā karanavā | කට්ටියටම මේ කොටස රසවිදින්න කියලා ආරාධනා කරනවා |mettananda
sin_5681_1950750058| muvan pælæssa ahanakoṭa kelinma matak vennē kōralē mahattayāva | මුවන් පැලැස්ස අහනකොට කෙලින්ම මතක් වෙන්නේ කෝරලේ මහත්තයාව |mettananda
sin_5681_2033773468| metana kiyala tiyennē api akamæti unat siduviya hæki dē | මෙතන කියල තියෙන්නේ අපි අකමැති උනත් සිදුවිය හැකි දේ |mettananda
sin_5681_2044490577| mē saṉdahā sadācāra dharma da sambandha viya yutumaya | මේ සඳහා සදාචාර ධර්ම ද සම්බන්ධ විය යුතුමය |mettananda
sin_5681_2191837209| mituru vēśayen ævit inne haturek vadhakayek | මිතුරු වේශයෙන් ඇවිත් ඉන්නෙ හතුරෙක් වධකයෙක් |mettananda
sin_5681_2249162087| niśśṁka vijayaratna vivāha vūyē rambukkana valavvē nīṭā dūllǣva menaviya samaṉga ya | නිශ්ශංක විජයරත්න විවාහ වූයේ රඹුක්කන වලව්වේ නීටා දූල්ලෑව මෙනවිය සමඟ ය |mettananda
sin_5681_2575118167| lōkayē ōnǣma sthānayakaṭa gos saṭan kaḷa hæki śaktiyak tibenavā | ලෝකයේ ඕනෑම ස්ථානයකට ගොස් සටන් කළ හැකි ශක්තියක් තිබෙනවා |mettananda
sin_5681_2600791806| muvanpælæssa gattot ē parisaraya hitē mævenavā | මුවන්පැලැස්ස ගත්තොත් ඒ පරිසරය හිතේ මැවෙනවා |mettananda
sin_5681_2609449475| mānasika asahanaya nisā dukviṉdinnan samājayē bahulaya | මානසික අසහනය නිසා දුක්විඳින්නන් සමාජයේ බහුලය |mettananda
sin_5681_2636289797| yaturupædiya mahattayāgē yāḷuvakugen illagena āvē | යතුරුපැදිය මහත්තයාගේ යාළුවකුගෙන් ඉල්ලගෙන ආවේ |mettananda
sin_5681_2644967010| āyet vatura dāla api kæṉda mūṭṭiya uṉduna uḍit tæbuvā | ආයෙත් වතුර දාල අපි කැඳ මූට්ටිය උඳුන උඩිත් තැබුවා |mettananda
sin_5681_2669024164| mema siddhiya vūvē budun vahansē jīvamāna kālayēdīmayi | මෙම සිද්ධිය වූවේ බුදුන් වහන්සේ ජීවමාන කාලයේදීමයි |mettananda
sin_5681_2763038231| mema kaṉdu mudunin gṁṉgā kīpayak ārambha vī dakuṇa hā basnāhira pæti valaṭa galā basī | මෙම කඳු මුදුනින් ගංඟා කීපයක් ආරම්භ වී දකුණ හා බස්නාහිර පැති වලට ගලා බසී |mettananda
sin_5681_2806172428| bhugōlīya vaśayen bælū kaḷada śānta kīṭas hā nēvis yanu līvarḍ dūpat hi koṭasak vē | භුගෝලීය වශයෙන් බැලූ කළද ශාන්ත කීටස් හා නේවිස් යනු ලීවර්ඩ් දූපත් හි කොටසක් වේ |mettananda
sin_5681_2935325637| itāma asīruven bas sēvāva pavatvāgena yana bavayi | ඉතාම අසීරුවෙන් බස් සේවාව පවත්වාගෙන යන බවයි |mettananda
sin_5681_2957072095| āyudha puhuṇava nætat meya sidu karannē hamudāva visin | ආයුධ පුහුණව නැතත් මෙය සිදු කරන්නේ හමුදාව විසින් |mettananda
sin_5681_3100818596| mēvæḍavala vagakīm koṭasak obatumīt bāraganna ōnē | මේවැඩවල වගකීම් කොටසක් ඔබතුමීත් බාරගන්න ඕනේ |mettananda
sin_5681_3223517619| illalā dunnē nætnam ēka horakṁ karagena yanavā | ඉල්ලලා දුන්නේ නැත්නම් ඒක හොරකං කරගෙන යනවා |mettananda
sin_5681_3318948272| devæni kondēsiya vūyē paramparā tunak ætulata siṁhala viyayutu bavayi | දෙවැනි කොන්දේසිය වූයේ පරම්පරා තුනක් ඇතුලත සිංහල වියයුතු බවයි |mettananda
sin_5681_3362532660| ekinekāṭa viruddhava gaman kirīma tarahava vardhanaya karayi | එකිනෙකාට විරුද්ධව ගමන් කිරීම තරහව වර්ධනය කරයි |mettananda
sin_5681_3483862106| magē tunvana upasiræsiyen hamuvena tek samugannam | මගේ තුන්වන උපසිරැසියෙන් හමුවෙන තෙක් සමුගන්නම් |mettananda
sin_5681_3856120627| burumaya mædin galā basnā vū viśāla gṁṉgāva vanuyē iravaḍiya | බුරුමය මැදින් ගලා බස්නා වූ විශාල ගංඟාව වනුයේ ඉරවඩිය |mettananda
sin_5681_3864108836| mema panata gænavat kisima deyak karana ekak næhæ | මෙම පනත ගැනවත් කිසිම දෙයක් කරන එකක් නැහැ |mettananda
sin_5681_3873090853| mēka purudu karala bohō denek sṁsāren atmiduna | මේක පුරුදු කරල බොහෝ දෙනෙක් සංසාරෙන් අත්මිදුන |mettananda
sin_5681_4177364095| mēka sampūrṇayen ma budurajāṇan vahansēṭa karana agauravayak | මේක සම්පූර්ණයෙන් ම බුදුරජාණන් වහන්සේට කරන අගෞරවයක් |mettananda
sin_5681_4189345734| maṭa amataka vuṇā mē tiyennē eyā gæna mṁ issara liyapu lipiyaka | මට අමතක වුණා මේ තියෙන්නේ එයා ගැන මං ඉස්සර ලියපු ලිපියක |mettananda
sin_5681_4214327273| mīṭa pera mahēla jayavardhana ema anumætiya labāgena siṭiyē ya | මීට පෙර මහේල ජයවර්ධන එම අනුමැතිය ලබාගෙන සිටියේ ය |mettananda
sin_5681_4418548412| menna obē mul kaviyē antargatayē mā dakina væradi | මෙන්න ඔබේ මුල් කවියේ අන්තර්ගතයේ මා දකින වැරදි |mettananda
sin_5681_4434524948| gamaṭa arakku ætuḷu durācāra haṉdunvā dennē ohuyi | ගමට අරක්කු ඇතුළු දුරාචාර හඳුන්වා දෙන්නේ ඔහුයි |mettananda
sin_5681_4569911427| æti taram vivēka ganna ēka tamayi karanna tiyenne | ඇති තරම් විවේක ගන්න ඒක තමයි කරන්න තියෙන්නෙ |mettananda
sin_5681_4610417945| abuddassa kāle gedara gǣnit ē gānaṭa væṭilā vāge | අබුද්දස්ස කාලෙ ගෙදර ගෑනිත් ඒ ගානට වැටිලා වාගෙ |mettananda
sin_5681_4626105367| meya duka næti kirīmen labannā vu vimuktiyayi | මෙය දුක නැති කිරීමෙන් ලබන්නා වු විමුක්තියයි |mettananda
sin_5681_4631175806| yudhapiṭiyē bera vādakayin horaṇǣkaruvan hā naḷākaruvan viya | යුධපිටියේ බෙර වාදකයින් හොරණෑකරුවන් හා නළාකරුවන් විය |mettananda
sin_5681_4758791947| minissunṭa tavama dēśapālanaya piḷibaṉda mūlika sṁvēdītāvayak nǣ | මිනිස්සුන්ට තවම දේශපාලනය පිළිබඳ මූලික සංවේදීතාවයක් නෑ |mettananda
sin_5681_4841423790| minisāṭa kopamaṇa kāraṇā sampūrṇa vuvat aḍuvak dænē | මිනිසාට කොපමණ කාරණා සම්පූර්ණ වුවත් අඩුවක් දැනේ |mettananda
sin_5681_4924144622| iskōla arinavā kiyannē hirageval vahanavā kiyana eka | ඉස්කෝල අරිනවා කියන්නේ හිරගෙවල් වහනවා කියන එක |mettananda
sin_5681_4964585344| doḍṁvala pavulē sāmājikayu visin ehi himikāritvaya darayi | දොඩංවල පවුලේ සාමාජිකයු විසින් එහි හිමිකාරිත්වය දරයි |mettananda
sin_5681_5021702668| monāvunat itin stūtiyi kivvā upasiræsiyaṭa | මොනාවුනත් ඉතින් ස්තූතියි කිව්වා උපසිරැසියට |mettananda
sin_5681_5106820524| unnānsēlāṭa uḍin mæssekuṭavat yanna iḍa næta | උන්නාන්සේලාට උඩින් මැස්සෙකුටවත් යන්න ඉඩ නැත |mettananda
sin_5681_5157163750| pavulē kaṭayutuvala avul tattvayak pennum karayi | පවුලේ කටයුතුවල අවුල් තත්ත්වයක් පෙන්නුම් කරයි |mettananda
sin_5681_5235420010| enam ehi yam samāja dēśapālana tarkanayak gæbva pavati | එනම් එහි යම් සමාජ දේශපාලන තර්කනයක් ගැබ්ව පවති |mettananda
sin_5681_5360212305| mīṭa kalin hæk karapu ēvā nam āyimat dakinna læbuṇe næhæ | මීට කලින් හැක් කරපු ඒවා නම් ආයිමත් දකින්න ලැබුණෙ නැහැ |mettananda
sin_5681_5373003223| æmatitumā tamayi vena kavurut apaṭa udavu karanne næhæ | ඇමතිතුමා තමයි වෙන කවුරුත් අපට උදවු කරන්නෙ නැහැ |mettananda
sin_5681_5444212052| mekala vividha vū jālakaraṇa iṁjinēruvaruvan daknaṭa læbē | මෙකල විවිධ වූ ජාලකරණ ඉංජිනේරුවරුවන් දක්නට ලැබේ |mettananda
sin_5681_5494113822| eṁgalante raja venna puḷuvan æṁglikan ayaṭa vitarayi | එංගලන්තෙ රජ වෙන්න පුළුවන් ඇංග්ලිකන් අයට විතරයි |mettananda
sin_5681_5513753833| mē karuṇuvalin bhikṣuva kumana nikāyakaṭa ayatdæyi dænagata hækiya | මේ කරුණුවලින් භික්ෂුව කුමන නිකායකට අයත්දැයි දැනගත හැකිය |mettananda
sin_5681_5518682192| ehidi viśāla śabdayak hā ālōkayak piṭavē | එහිදි විශාල ශබ්දයක් හා ආලෝකයක් පිටවේ |mettananda
sin_5681_5549595987| mevæni pāharayakugen īṭa vaḍā monavā balāporottu vennada | මෙවැනි පාහරයකුගෙන් ඊට වඩා මොනවා බලාපොරොත්තු වෙන්නද |mettananda
sin_5681_5610599712| menma nævata nævata nirmāṇayak sidu kirīmaṭa apiṭa udav karanavā | මෙන්ම නැවත නැවත නිර්මාණයක් සිදු කිරීමට අපිට උදව් කරනවා |mettananda
sin_5681_5654345802| ansatu mudal hō rækiyāvē hiṉga mudalak hō læbenu æta | අන්සතු මුදල් හෝ රැකියාවේ හිඟ මුදලක් හෝ ලැබෙනු ඇත |mettananda
sin_5681_5692427441| mē dēśanāva æsū dusil mahaṇahu mē śāsanaya aiścaryaya | මේ දේශනාව ඇසූ දුසිල් මහණහු මේ ශාසනය ඓශ්චර්යය |mettananda
sin_5681_5934084258| mekī siddhīn yugalaya harahā apūru yamak kiyavā gata hækiya | මෙකී සිද්ධීන් යුගලය හරහා අපූරු යමක් කියවා ගත හැකිය |mettananda
sin_5681_5959986953| ægē alut toraturu dæna ganna mevara api æya soyā giyā | ඇගේ අලුත් තොරතුරු දැන ගන්න මෙවර අපි ඇය සොයා ගියා |mettananda
sin_5681_6268665619| mun mokaṭa mehe ævilla duk vidinavada mandā | මුන් මොකට මෙහෙ ඇවිල්ල දුක් විදිනවද මන්දා |mettananda
sin_5681_6294803348| eya dæn pavatina æmerikānu ḍolarayakaṭa ihaḷa apēkṣāvaki | එය දැන් පවතින ඇමෙරිකානු ඩොලරයකට ඉහළ අපේක්ෂාවකි |mettananda
sin_5681_6384042473| mē pavule sāmāchikayin ekinekā abhirahas vidiyaṭa marā damanava | මේ පවුලෙ සාමාඡිකයින් එකිනෙකා අභිරහස් විදියට මරා දමනව |mettananda
sin_5681_6439973303| etanin tamayi ovun māyākāriyanva daḍayam karanna paṭan gannē | එතනින් තමයි ඔවුන් මායාකාරියන්ව දඩයම් කරන්න පටන් ගන්නේ |mettananda
sin_5681_6468424587| mīduma suḷaṉga væssa yana tunama apa tava tavat dirimat kaḷa bava kivvot niværadiyi | මීදුම සුළඟ වැස්ස යන තුනම අප තව තවත් දිරිමත් කළ බව කිව්වොත් නිවැරදියි |mettananda
sin_5681_6627135868| mehidī saṉdahan karannē vidarśanā bhāvanā gænayi | මෙහිදී සඳහන් කරන්නේ විදර්ශනා භාවනා ගැනයි |mettananda
sin_5681_6653438724| mema sarpayāgen kumana avasthāvaka vināśaya siduvēdæyi sitiya nohæka | මෙම සර්පයාගෙන් කුමන අවස්ථාවක විනාශය සිදුවේදැයි සිතිය නොහැක |mettananda
sin_5681_6704020824| mema cārikāvehi mīḷaṉga dina saṭahanen ē gæna kiyannam | මෙම චාරිකාවෙහි මීළඟ දින සටහනෙන් ඒ ගැන කියන්නම් |mettananda
sin_5681_6842259587| niśāntagē maraṇayē kisidu saḷakuṇak ovunṭa hamu novīya | නිශාන්තගේ මරණයේ කිසිදු සළකුණක් ඔවුන්ට හමු නොවීය |mettananda
sin_5681_6844018980| mema samīkṣaṇaya æmarikānu samājaya padanam karaganimin kerunu samīkṣaṇayaki | මෙම සමීක්ෂණය ඇමරිකානු සමාජය පදනම් කරගනිමින් කෙරුනු සමීක්ෂණයකි |mettananda
sin_5681_6848760411| ādivāsī nāyakayā guvanin giya vidēśa sṁcāra gaṇana dekaki | ආදිවාසී නායකයා ගුවනින් ගිය විදේශ සංචාර ගණන දෙකකි |mettananda
sin_5681_6865849402| gæṭumēdī vāhana kihipayakaṭa alābha hānī sidu vī æta | ගැටුමේදී වාහන කිහිපයකට අලාභ හානී සිදු වී ඇත |mettananda
sin_5681_6890541075| safrayi mamayi ā giya tæn pavā mama tuṣāriṭa pennuvā | සෆ්රයි මමයි ආ ගිය තැන් පවා මම තුෂාරිට පෙන්නුවා |mettananda
sin_5681_6923758239| æṉgapata visituru vastābharaṇayen sarasanna giyē nǣ | ඇඟපත විසිතුරු වස්තාභරණයෙන් සරසන්න ගියේ නෑ |mettananda
sin_5681_7114614825| avasānayē ēkaṭa skoṭ mahattayat sambandha venavā | අවසානයේ ඒකට ස්කොට් මහත්තයත් සම්බන්ධ වෙනවා |mettananda
sin_5681_7385150866| mesē sihipatkaramin nāda karana ghanṭhārayak lova tibē da | මෙසේ සිහිපත්කරමින් නාද කරන ඝන්ඨාරයක් ලොව තිබේ ද |mettananda
sin_5681_7393692311| mudal dī balapǣma kirīma hā tarjana kirīm enu æta | මුදල් දී බලපෑම කිරීම හා තර්ජන කිරීම් එනු ඇත |mettananda
sin_5681_7471054684| mē nisā apē taruṇiyanṭa svabhāvika ārakṣāvak læbuṇā | මේ නිසා අපේ තරුණියන්ට ස්වභාවික ආරක්ෂාවක් ලැබුණා |mettananda
sin_5681_7490556272| giya kenā giyā kiyala sænasennaṭa apiṭa bæhæ tamayi | ගිය කෙනා ගියා කියල සැනසෙන්නට අපිට බැහැ තමයි |mettananda
sin_5681_7592524836| mehen minissu aturudahan vena eka boruvak neveyi | මෙහෙන් මිනිස්සු අතුරුදහන් වෙන එක බොරුවක් නෙවෙයි |mettananda
sin_5681_7620176346| mahā poḷovaṭa ehema uhulanna puḷuvankamak næhæ | මහා පොළොවට එහෙම උහුලන්න පුළුවන්කමක් නැහැ |mettananda
sin_5681_7665499745| apiṭat mehema jīvitayak læbunot monava veyida | අපිටත් මෙහෙම ජීවිතයක් ලැබුනොත් මොනව වෙයිද |mettananda
sin_5681_7767142350| mē væḍapiḷivela digaṭama karagena yanna hitenne næhæ | මේ වැඩපිළිවෙල දිගටම කරගෙන යන්න හිතෙන්නෙ නැහැ |mettananda
sin_5681_7906646426| mul davasvala nam maṭa ē siddhiya darā ganna bæri vuṇā | මුල් දවස්වල නම් මට ඒ සිද්ධිය දරා ගන්න බැරි වුණා |mettananda
sin_5681_7949345466| indu pakisthāna yuddhayen pasu bṁgalādēśaya bihi viya | ඉන්දු පකිස්ථාන යුද්ධයෙන් පසු බංගලාදේශය බිහි විය |mettananda
sin_5681_8026184333| meccara kal lōkē hapankam kaḷē yurōpayayi æmerikāvayi | මෙච්චර කල් ලෝකේ හපන්කම් කළේ යුරෝපයයි ඇමෙරිකාවයි |mettananda
sin_5681_8052377644| dhanayada balayada ē saṉdahā ōnǣvaṭat vaḍā avakāśa tanavā æta | ධනයද බලයද ඒ සඳහා ඕනෑවටත් වඩා අවකාශ තනවා ඇත |mettananda
sin_5681_8201600311| mema abhiyōgaya jaya gænīmen torava raṭak lesa jātiyak lesa apaṭa idiri gamanak næta | මෙම අභියෝගය ජය ගැනීමෙන් තොරව රටක් ලෙස ජාතියක් ලෙස අපට ඉදිරි ගමනක් නැත |mettananda
sin_5681_8236608140| holivuḍ surūpinī selīnā gōmas mē dinavala alut vagakīmak daranavā | හොලිවුඩ් සුරූපිනී සෙලීනා ගෝමස් මේ දිනවල අලුත් වගකීමක් දරනවා |mettananda
sin_5681_8334733309| meya duṭu jambuka ājivakayāgē mānnaya duruvuṇā | මෙය දුටු ජම්බුක ආජිවකයාගේ මාන්නය දුරුවුණා |mettananda
sin_5681_8395429615| pæṇideni kaṭugastoṭa bas eka nam nodanī | පැණිදෙනි කටුගස්තොට බස් එක නම් නොදනී |mettananda
sin_5681_8535741577| pahasuven ē pudgalayāva koṭu karaganna tibuṇānē | පහසුවෙන් ඒ පුද්ගලයාව කොටු කරගන්න තිබුණානේ |mettananda
sin_5681_8543049263| ohu upata labā ættē hoṁkoṁ hīdiya | ඔහු උපත ලබා ඇත්තේ හොංකොං හීදිය |mettananda
sin_5681_8556026292| minis diviya tīrnātmakva venas kala mædihatkamakviya | මිනිස් දිවිය තීර්නාත්මක්ව වෙනස් කල මැදිහත්කමක්විය |mettananda
sin_5681_8610813797| meya nūtana haṉdapānāvilluvē æti naṭabun vū vævayi | මෙය නූතන හඳපානාවිල්ලුවේ ඇති නටබුන් වූ වැවයි |mettananda
sin_5681_8696804715| ada niṣpādakavaru sinamā śālā himiyanṭa baninavā | අද නිෂ්පාදකවරු සිනමා ශාලා හිමියන්ට බනිනවා |mettananda
sin_5681_8712986944| mokada lṁkāve vinōda karmāntaya paṭan ganna yugayē | මොකද ලංකාවෙ විනෝද කර්මාන්තය පටන් ගන්න යුගයේ |mettananda
sin_5681_8730988029| mīgasmulla yana mahatvarungē sahabhāgitvayen pævætvīmaṭa niyamitaya | මීගස්මුල්ල යන මහත්වරුන්ගේ සහභාගිත්වයෙන් පැවැත්වීමට නියමිතය |mettananda
sin_5681_8878360681| mekī viṣaya paddhatiya piḷibaṉda unanduva æti vuṇē ada īyeka neveyi | මෙකී විෂය පද්ධතිය පිළිබඳ උනන්දුව ඇති වුණේ අද ඊයෙක නෙවෙයි |mettananda
sin_5681_9030548066| oyagollovat mēka kiyavala mē aitihāsika tæna balanna yanna | ඔයගොල්ලොවත් මේක කියවල මේ ඓතිහාසික තැන බලන්න යන්න |mettananda
sin_5681_9073636069| mema kuṇāṭuva mīṭar hatak dakvā usva næṉgī tibuṇi | මෙම කුණාටුව මීටර් හතක් දක්වා උස්ව නැඟී තිබුණි |mettananda
sin_5681_9149595247| mēke katāva potē katāvaṭa vaḍā hātpasinma venas | මේකෙ කතාව පොතේ කතාවට වඩා හාත්පසින්ම වෙනස් |mettananda
sin_5681_9282809421| mē vihārasthānaya suviśēṣa vihārāṁgayangen samanvita vē | මේ විහාරස්ථානය සුවිශේෂ විහාරාංගයන්ගෙන් සමන්විත වේ |mettananda
sin_5681_9602145904| muttusāmi māsṭargē gīta mohān rāj kiyannē | මුත්තුසාමි මාස්ටර්ගේ ගීත මොහාන් රාජ් කියන්නේ |mettananda
sin_5681_9766243182| memagin budun vahansēgē dasabaladhārī guṇaya vidahā dækvē | මෙමගින් බුදුන් වහන්සේගේ දසබලධාරී ගුණය විදහා දැක්වේ |mettananda
sin_5681_9778863723| ættenma hadavataṭa dænena vidiyaṭa gayana gāyakayek tamā eyā | ඇත්තෙන්ම හදවතට දැනෙන විදියට ගයන ගායකයෙක් තමා එයා |mettananda
sin_6314_0000039087| rajatumāṭa venadā men karuṇāven set pætuvā | රජතුමාට වෙනදා මෙන් කරුණාවෙන් සෙත් පැතුවා |mettananda
sin_6314_0052553467| mēket ara vagēma ādara andarayakut yanavā yaṭin | මේකෙත් අර වගේම ආදර අන්දරයකුත් යනවා යටින් |mettananda
sin_6314_0078514037| rǣ vēlenut bat piṇḍu pahak ayin kirīmaṭa hækiya | රෑ වේලෙනුත් බත් පිඬු පහක් අයින් කිරීමට හැකිය |mettananda
sin_6314_0130786402| rṁjit ēkanāyaka mahatāgē nivesin asannaṭa læbē | රංජිත් ඒකනායක මහතාගේ නිවෙසින් අසන්නට ලැබේ |mettananda
sin_6314_0144984924| ātma vṁcāven yutuva tamā visin tamāva ravaṭā gannā pudgalayekmayi | ආත්ම වංචාවෙන් යුතුව තමා විසින් තමාව රවටා ගන්නා පුද්ගලයෙක්මයි |mettananda
sin_6314_0147736841| haṉdunvannē pubbē nivāsānussati ñāṇaya namin | හඳුන්වන්නේ පුබ්බේ නිවාසානුස්සති ඤාණය නමින් |mettananda
sin_6314_0273493326| salli gevāganna bærivuṇahama yanna siddha velā | සල්ලි ගෙවාගන්න බැරිවුණහම යන්න සිද්ධ වෙලා |mettananda
sin_6314_0319052980| metæn siṭa kanda uḍaraṭa avul jālāvak bavaṭa patviya | මෙතැන් සිට කන්ද උඩරට අවුල් ජාලාවක් බවට පත්විය |mettananda
sin_6314_0425042479| hæbæyi meka dænaṭama balalā tiyenavā da dannē næhæ | හැබැයි මෙක දැනටම බලලා තියෙනවා ද දන්නේ නැහැ |mettananda
sin_6314_0440026025| mokada min pera kīpa vatāvē ehema kiyā tibenavā | මොකද මින් පෙර කීප වතාවේ එහෙම කියා තිබෙනවා |mettananda
sin_6314_0485732104| mēka rejinōlḍ rōs gē pudgalika atdækīmak uḍayi liyavenne | මේක රෙජිනෝල්ඩ් රෝස් ගේ පුද්ගලික අත්දැකීමක් උඩයි ලියවෙන්නෙ |mettananda
sin_6314_0596794836| siṁhala buddāgamaṭa lædī minissu tāma innavā | සිංහල බුද්දාගමට ලැදී මිනිස්සු තාම ඉන්නවා |mettananda
sin_6314_0710860076| hæbæyi putō ehe tiyennē poḍi poḍi geval | හැබැයි පුතෝ එහෙ තියෙන්නේ පොඩි පොඩි ගෙවල් |mettananda
sin_6314_0760037255| sarva sampūrṇa pavulak hadāganna kāṭavat bæhæ | සර්ව සම්පූර්ණ පවුලක් හදාගන්න කාටවත් බැහැ |mettananda
sin_6314_0966613381| yanna uvamanava tibuna et tavama yanna bæri uṇatænak | යන්න උවමනව තිබුන එත් තවම යන්න බැරි උණතැනක් |mettananda
sin_6314_1065206697| hæbæyi ohuṭa sindu kiyanna puḷuvanda bærida dannē nǣ | හැබැයි ඔහුට සින්දු කියන්න පුළුවන්ද බැරිද දන්නේ නෑ |mettananda
sin_6314_1184517183| raja pavulaṭa ek vū mē alut siṉgittāṭa kavurut ādaraya kaḷā | රජ පවුලට එක් වූ මේ අලුත් සිඟිත්තාට කවුරුත් ආදරය කළා |mettananda
sin_6314_1300444170| yaṭi rævula sampurṇayenma gælavilā visivuṇā nēda | යටි රැවුල සම්පුර්ණයෙන්ම ගැලවිලා විසිවුණා නේද |mettananda
sin_6314_1444278150| yaṭāla veherada kalin mē hæḍayen tibī ætæyi sælakē | යටාල වෙහෙරද කලින් මේ හැඩයෙන් තිබී ඇතැයි සැලකේ |mettananda
sin_6314_1687488546| pāpayehi saha kusalayehi siduvana amutu paḷaṉdimak da næta | පාපයෙහි සහ කුසලයෙහි සිදුවන අමුතු පළඳිමක් ද නැත |mettananda
sin_6314_1692229636| yamek śiṣṭha venne goḍāk dēval pālanaya karagena | යමෙක් ශිෂ්ඨ වෙන්නෙ ගොඩාක් දේවල් පාලනය කරගෙන |mettananda
sin_6314_1703704458| raṭē tattvaya kalāvaṭa yahapat kiyalā obaṭa hitenavada | රටේ තත්ත්වය කලාවට යහපත් කියලා ඔබට හිතෙනවද |mettananda
sin_6314_1748132699| siṁhayā minisunṭa paharadennē kalāturakini | සිංහයා මිනිසුන්ට පහරදෙන්නේ කලාතුරකිනි |mettananda
sin_6314_2009978081| siṁhala blog itihāse dihā bæluvama pæhædiḷiyi | සිංහල බ්ලොග් ඉතිහාසෙ දිහා බැලුවම පැහැදිළියි |mettananda
sin_6314_2147084161| rahasinvat pav nokaḷa heyinda arahṁ nam vana sēka | රහසින්වත් පව් නොකළ හෙයින්ද අරහං නම් වන සේක |mettananda
sin_6314_2224084573| mokāda kakā ē gamana āpu kaḍākappalkārī henahurā | මොකාද කකා ඒ ගමන ආපු කඩාකප්පල්කාරී හෙනහුරා |mettananda
sin_6314_2322000532| sṭīv jobsṭa mærena turu upādhiyak tibune næta | ස්ටීව් ජොබ්ස්ට මැරෙන තුරු උපාධියක් තිබුනෙ නැත |mettananda
sin_6314_2331071234| rūpavēdanā saññā sṁkhāra hā viññāṇa yanu pañcaskandhayayi | රූපවේදනා සඤ්ඤා සංඛාර හා විඤ්ඤාණ යනු පඤ්චස්කන්ධයයි |mettananda
sin_6314_2346694094| hæma deyinma aṁga sampūrṇa supiri nirmāṇayak | හැම දෙයින්ම අංග සම්පූර්ණ සුපිරි නිර්මාණයක් |mettananda
sin_6314_2478166538| mokō api polīsiyaṭa gihin pæmiṇillak dānna kiyalayi | මොකෝ අපි පොලීසියට ගිහින් පැමිණිල්ලක් දාන්න කියලයි |mettananda
sin_6314_2757750824| yahapat pævætmaṭa vaḍā hoṉda mantarayak mama nam dannē næhæ | යහපත් පැවැත්මට වඩා හොඳ මන්තරයක් මම නම් දන්නේ නැහැ |mettananda
sin_6314_2871787566| mohugen buddha cīvarayehi vaṭinākama ræka denu mænavi | මොහුගෙන් බුද්ධ චීවරයෙහි වටිනාකම රැක දෙනු මැනවි |mettananda
sin_6314_2940301940| jalaya muḷumaninma ivatvanasē avvē tabā vēlāganī | ජලය මුළුමනින්ම ඉවත්වනසේ අව්වේ තබා වේලාගනී |mettananda
sin_6314_2967754031| lōkayē æti utum vaṭinā deya hæṭiyaṭa penī yayi | ලෝකයේ ඇති උතුම් වටිනා දෙය හැටියට පෙනී යයි |mettananda
sin_6314_3074592391| hæmōma satuṭin vivāha utsavayaṭa lǣsti venavā | හැමෝම සතුටින් විවාහ උත්සවයට ලෑස්ති වෙනවා |mettananda
sin_6314_3360366490| hæbæyi karuṇākaralā chandaya illannam lǣsti venna epā | හැබැයි කරුණාකරලා ඡන්දය ඉල්ලන්නම් ලෑස්ති වෙන්න එපා |mettananda
sin_6314_3486928054| alutin govipala væḍidiyuṇu karagata hæki kālayaki | අලුතින් ගොවිපල වැඩිදියුණු කරගත හැකි කාලයකි |mettananda
sin_6314_3501793570| mē viśēṣaya lṁkāvē jalāśavala bōvīmaṭa paṭan gata hot bohō tarjana ellavīmaṭa da iḍa æta | මේ විශේෂය ලංකාවේ ජලාශවල බෝවීමට පටන් ගත හොත් බොහෝ තර්ජන එල්ලවීමට ද ඉඩ ඇත |mettananda
sin_6314_3571270656| yam pirisak veta eḷæmbē nam viśāradava eḷambeti | යම් පිරිසක් වෙත එළැඹේ නම් විශාරදව එළඹෙති |mettananda
sin_6314_3618066037| mohugē darśanaya amarāvikṣēpavādaya namin hæṉdinvē | මොහුගේ දර්ශනය අමරාවික්ෂේපවාදය නමින් හැඳින්වේ |mettananda
sin_6314_3633687792| mēka sṁcārayak vagēma vandanā gamanak vaśayen haṉdunvannat puphavan | මේක සංචාරයක් වගේම වන්දනා ගමනක් වශයෙන් හඳුන්වන්නත් පුඵවන් |mettananda
sin_6314_3669372609| pāli bhāṣāva gæna mē taram unandu viya yuttē æyi | පාලි භාෂාව ගැන මේ තරම් උනන්දු විය යුත්තේ ඇයි |mettananda
sin_6314_3867484031| yakṣa kumbhāṇḍa ādīn apa deviyan kiyā hō nosalakamu | යක්ෂ කුම්භාණ්ඩ ආදීන් අප දෙවියන් කියා හෝ නොසලකමු |mettananda
sin_6314_4014810528| sarala hētu dækvīmin hitāganna puḷuvan vunā | සරල හේතු දැක්වීමින් හිතාගන්න පුළුවන් වුනා |mettananda
sin_6314_4090790944| issaranam dakina dakina viccūraṇa kǣma jāti kanavā | ඉස්සරනම් දකින දකින විච්චූරණ කෑම ජාති කනවා |mettananda
sin_6314_4143808625| viduhalpatigē kaṭahaṇḍa pāsala avaṭa ræv demin pætiriṇi | විදුහල්පතිගේ කටහඬ පාසල අවට රැව් දෙමින් පැතිරිණි |mettananda
sin_6314_4319934119| hæma ekekma mē gæna mulinma ahanne æmatigen | හැම එකෙක්ම මේ ගැන මුලින්ම අහන්නෙ ඇමතිගෙන් |mettananda
sin_6314_4418447383| hæbæyi taman karana dē hariyanavā kiyana tada viśvāsayen | හැබැයි තමන් කරන දේ හරියනවා කියන තද විශ්වාසයෙන් |mettananda
sin_6314_4637059138| mokada kārimika śilpīnṭa adāla dæṇuma næti nisā | මොකද කාරිමික ශිල්පීන්ට අදාල දැණුම නැති නිසා |mettananda
sin_6314_4764554017| sṭænligē biriṉda da janādhipativarayāṭa lipiyak yavā tibē | ස්ටැන්ලිගේ බිරිඳ ද ජනාධිපතිවරයාට ලිපියක් යවා තිබේ |mettananda
sin_6314_4767165086| perahæra sṁvidhānaya kirīmē dī diyavaḍana nilamē veta pævarennē kinam kāryabhārayakda | පෙරහැර සංවිධානය කිරීමේ දී දියවඩන නිලමේ වෙත පැවරෙන්නේ කිනම් කාර්යභාරයක්ද |mettananda
sin_6314_4790518142| hitē æṉduṇu karanna kæmæti caritayak tiyenavada | හිතේ ඇඳුණු කරන්න කැමැති චරිතයක් තියෙනවද |mettananda
sin_6314_5051699655| mokada gal aṉguruvalin viduli ēkakayak nipadavanna yannē | මොකද ගල් අඟුරුවලින් විදුලි ඒකකයක් නිපදවන්න යන්නේ |mettananda
sin_6314_5167493334| monavā hari vavanavā nam vanajīvī eken sattu gam vadina eka navatinavā | මොනවා හරි වවනවා නම් වනජීවී එකෙන් සත්තු ගම් වදින එක නවතිනවා |mettananda
sin_6314_5194487724| mokada api kavurut paripūrṇa minisun nemeyi | මොකද අපි කවුරුත් පරිපූර්ණ මිනිසුන් නෙමෙයි |mettananda
sin_6314_5238976798| issaravelā hāmuduruvanṭa garu karanna purudu veyan | ඉස්සරවෙලා හාමුදුරුවන්ට ගරු කරන්න පුරුදු වෙයන් |mettananda
sin_6314_5299091242| hæbæyi gedarin genāpu kossakinut atugānavā | හැබැයි ගෙදරින් ගෙනාපු කොස්සකිනුත් අතුගානවා |mettananda
sin_6314_5352421809| moriṭēniyāva āhāra sæpayuma atin duppat raṭaki | මොරිටේනියාව ආහාර සැපයුම අතින් දුප්පත් රටකි |mettananda
sin_6314_5396288311| mokada mē raṭē harak mærennē avuruddakayaṭa lakṣayayi | මොකද මේ රටේ හරක් මැරෙන්නේ අවුරුද්දකයට ලක්ෂයයි |mettananda
sin_6314_5461496520| hæbæyi niladhārīvādaye nṁ sǣhena balapǣmak tiyanavā | හැබැයි නිලධාරීවාදයෙ නං සෑහෙන බලපෑමක් තියනවා |mettananda
sin_6314_5814661875| hæbæyi mama vædagat paraṇa lipi okkomat kiyavanavā | හැබැයි මම වැදගත් පරණ ලිපි ඔක්කොමත් කියවනවා |mettananda
sin_6314_5960699837| hæmōṭama samāna ayitivāsikam læbiya yutuyi kiyana aramunen | හැමෝටම සමාන අයිතිවාසිකම් ලැබිය යුතුයි කියන අරමුනෙන් |mettananda
sin_6314_5972427527| yam kisi mudalak itiri kara gænīmaṭada hæki vana vasarak vē | යම් කිසි මුදලක් ඉතිරි කර ගැනීමටද හැකි වන වසරක් වේ |mettananda
sin_6314_6094867444| yam kenekuṭa ōnǣma æṉdumak æṉdīmē ayitiya venuveni | යම් කෙනෙකුට ඕනෑම ඇඳුමක් ඇඳීමේ අයිතිය වෙනුවෙනි |mettananda
sin_6314_6152163786| mokada kivuvot meke vennema hinā venna puḷuvan dēval | මොකද කිවුවොත් මෙකෙ වෙන්නෙම හිනා වෙන්න පුළුවන් දේවල් |mettananda
sin_6314_6188454856| puda pūjā pævætvīmen pin sidu venava kiyala | පුද පූජා පැවැත්වීමෙන් පින් සිදු වෙනව කියල |mettananda
sin_6314_6276235604| hæbæyi kana lagin æsṭaroyiḍa giyāma tamā danne | හැබැයි කන ලගින් ඇස්ටරොයිඩ ගියාම තමා දන්නෙ |mettananda
sin_6314_6416493457| lōkayama hinassavana karuṇu kiyana eka dharma dānaya novē | ලෝකයම හිනස්සවන කරුණු කියන එක ධර්ම දානය නොවේ |mettananda
sin_6314_6458647668| yāpā rāḷaṭa ēkanāyaka appuhāmi namin putek siṭiyēya | යාපා රාළට ඒකනායක අප්පුහාමි නමින් පුතෙක් සිටියේය |mettananda
sin_6314_6671030360| dæn sambuddhatva jayantiya eḷambemin tibē | දැන් සම්බුද්ධත්ව ජයන්තිය එළඹෙමින් තිබේ |mettananda
sin_6314_6675167223| hæbæyi budu dahamē ārya kiyannē nam vena ekakaṭa | හැබැයි බුදු දහමේ ආර්ය කියන්නේ නම් වෙන එකකට |mettananda
sin_6314_6694196092| hæbæyi kollō æmarikan kārayava kaḍē yavannanam bæri veyi | හැබැයි කොල්ලෝ ඇමරිකන් කාරයව කඩේ යවන්නනම් බැරි වෙයි |mettananda
sin_6314_6859628153| mīṭa amatarava āyurvēda lit pandahasakda raṭapurā bedāhærīmaṭa niyamitayi | මීට අමතරව ආයුර්වේද ලිත් පන්දහසක්ද රටපුරා බෙදාහැරීමට නියමිතයි |mettananda
sin_6314_6970231581| raṭē sǣma puravæsiyekuṭama yæpīm mārgayak tibiya yutuya | රටේ සෑම පුරවැසියෙකුටම යැපීම් මාර්ගයක් තිබිය යුතුය |mettananda
sin_6314_6974906822| ṣēn vōn visin darā tibū ema vārtāva muralidaran visin abhibavana ladi | ෂේන් වෝන් විසින් දරා තිබූ එම වාර්තාව මුරලිදරන් විසින් අභිබවන ලදි |mettananda
sin_6314_7055077656| mē bhavayaṭa ælum karannēt āśā karannēt næhæ | මේ භවයට ඇලුම් කරන්නේත් ආශා කරන්නේත් නැහැ |mettananda
sin_6314_7142142128| yakō kopiya īyē āvā ada siṁhala upa siræsit dīlā | යකෝ කොපිය ඊයේ ආවා අද සිංහල උප සිරැසිත් දීලා |mettananda
sin_6314_7220126978| yāla ætuḷē vāhana pædavīmē kisima vinayak næhæ | යාල ඇතුළේ වාහන පැදවීමේ කිසිම විනයක් නැහැ |mettananda
sin_6314_7220148352| mokada kanna nætuva hiṭapu kenek nevē siduhat kumārayā | මොකද කන්න නැතුව හිටපු කෙනෙක් නෙවේ සිදුහත් කුමාරයා |mettananda
sin_6314_7301982753| hariyaṭa sṁvidhānaya unot sælasum hæduvot kiyala | හරියට සංවිධානය උනොත් සැලසුම් හැදුවොත් කියල |mettananda
sin_6314_7303523063| sitaṭa sænasilidāyaka tattvayak udāviya hæki davasaki | සිතට සැනසිලිදායක තත්ත්වයක් උදාවිය හැකි දවසකි |mettananda
sin_6314_7380604289| svāmīni seṭa davasehi dī dhātu nidhan karannemi | ස්වාමීනි සෙට දවසෙහි දී ධාතු නිධන් කරන්නෙමි |mettananda
sin_6314_7435438483| pæraṇi sen pansal dekaka ḷamā sisun dedenek viya | පැරණි සෙන් පන්සල් දෙකක ළමා සිසුන් දෙදෙනෙක් විය |mettananda
sin_6314_7605773958| yāluvā oyā loku jōkar kenek kiyalada hitan inne | යාලුවා ඔයා ලොකු ජෝකර් කෙනෙක් කියලද හිතන් ඉන්නෙ |mettananda
sin_6314_7618506405| lṁkā bhikṣuṇinṭa noyek avasthāvaladī tarjana hā duṣkaratā ætiviya | ලංකා භික්ෂුණින්ට නොයෙක් අවස්ථාවලදී තර්ජන හා දුෂ්කරතා ඇතිවිය |mettananda
sin_6314_7698665623| issara kimbula kiyalā udaḷu vagayak tibbā nam matakayi | ඉස්සර කිඹුල කියලා උදළු වගයක් තිබ්බා නම් මතකයි |mettananda
sin_6314_7799776437| siṁhalun kiyannē atiśaya kaḷākāmī janakoṭṭhāśayak | සිංහලුන් කියන්නේ අතිශය කළාකාමී ජනකොට්ඨාශයක් |mettananda
sin_6314_7922251719| lōka sattvayā haṭa tamāgē yayi kiyā kisivak næhæ | ලෝක සත්ත්වයා හට තමාගේ යයි කියා කිසිවක් නැහැ |mettananda
sin_6314_7971163838| yam kisi upakaraṇayakaṭa gōcara vana deyada piliganimu | යම් කිසි උපකරණයකට ගෝචර වන දෙයද පිලිගනිමු |mettananda
sin_6314_8063490411| yanādī duṣkara gæṭalu veta apagē avadhānaya yomu viya yutuyi | යනාදී දුෂ්කර ගැටලු වෙත අපගේ අවධානය යොමු විය යුතුයි |mettananda
sin_6314_8079997462| saralava nidahasē jīvatvenna tiyanavanam koyitaram deyak da | සරලව නිදහසේ ජීවත්වෙන්න තියනවනම් කොයිතරම් දෙයක් ද |mettananda
sin_6314_8215214417| mēvā bohōma saralava pæhædili karagata hæki dēval | මේවා බොහෝම සරලව පැහැදිලි කරගත හැකි දේවල් |mettananda
sin_6314_8252530085| yanna gæna nævata nævatat sitābæliya yutu venavā | යන්න ගැන නැවත නැවතත් සිතාබැලිය යුතු වෙනවා |mettananda
sin_6314_8332514026| moṇaravila nāmaya kæppeṭipoḷa disāvagē mav parapurē nāmayayi | මොණරවිල නාමය කැප්පෙටිපොළ දිසාවගේ මව් පරපුරේ නාමයයි |mettananda
sin_6314_8509701074| sādarayen piḷigannavā bayiskōp siṁhalen kaṇḍāyamaṭat | සාදරයෙන් පිළිගන්නවා බයිස්කෝප් සිංහලෙන් කණ්ඩායමටත් |mettananda
sin_6314_8732113728| kokā kōlā notibuna kāleka tibuna hoṉda rasak kokā kōlā pamanak bona ayaṭa dænēda | කොකා කෝලා නොතිබුන කාලෙක තිබුන හොඳ රසක් කොකා කෝලා පමනක් බොන අයට දැනේද |mettananda
sin_6314_8816839818| leḍaṭa behet ganna salli næti minissu innavā | ලෙඩට බෙහෙත් ගන්න සල්ලි නැති මිනිස්සු ඉන්නවා |mettananda
sin_6314_8834553309| yanuven jīvaka upāsakatumā budurajāṇan vahansēgen vimasuvēya | යනුවෙන් ජීවක උපාසකතුමා බුදුරජාණන් වහන්සේගෙන් විමසුවේය |mettananda
sin_6314_8936403815| yamapallō nirisatun ema parvatavalaṭa nanvamin peraḷā damati | යමපල්ලෝ නිරිසතුන් එම පර්වතවලට නන්වමින් පෙරළා දමති |mettananda
sin_6314_8947509646| hapoyi dukā ayiyē hināva navattaganna bæri unā | හපොයි දුකා අයියේ හිනාව නවත්තගන්න බැරි උනා |mettananda
sin_6314_8957178068| sudu pæhæti vǣn rathayakin mænḍelā pæhæra ganu labayi | සුදු පැහැති වෑන් රථයකින් මැන්ඩෙලා පැහැර ගනු ලබයි |mettananda
sin_6314_8989452783| rajamāligāvē siyalū denāgē vihiḷuvaṭa lakvunā | රජමාලිගාවේ සියලූ දෙනාගේ විහිළුවට ලක්වුනා |mettananda
sin_6314_9068953722| hæbæyi æpakaru bæṁkuvalaṭa polu notiyapu kenek venna ōne | හැබැයි ඇපකරු බැංකුවලට පොලු නොතියපු කෙනෙක් වෙන්න ඕනෙ |mettananda
sin_6314_9104264395| boru mahajana pæmiṇilivalin nidahas vīmaṭa hæki vīma | බොරු මහජන පැමිණිලිවලින් නිදහස් වීමට හැකි වීම |mettananda
sin_6314_9139060553| sahōlā kiyana nisā mama salakalā balannamko ē gæna | සහෝලා කියන නිසා මම සලකලා බලන්නම්කො ඒ ගැන |mettananda
sin_6314_9161072575| rajjuruvō raṭē inna lassanama gænu kenāva kasāda badinavā | රජ්ජුරුවෝ රටේ ඉන්න ලස්සනම ගැනු කෙනාව කසාද බදිනවා |mettananda
sin_6314_9254826795| yāḷuvō hitannē hærī eyāva marala dālā kiyalā | යාළුවෝ හිතන්නේ හැරී එයාව මරල දාලා කියලා |mettananda
sin_6314_9278982647| lāṁkika samājayēda mavupiyanṭa himi vannē advitīya sthānayaki | ලාංකික සමාජයේද මවුපියන්ට හිමි වන්නේ අද්විතීය ස්ථානයකි |mettananda
sin_6314_9295484354| sāravat kumburaka siṭavapu kuṇu vecca bījayak vagē | සාරවත් කුඹුරක සිටවපු කුණු වෙච්ච බීජයක් වගේ |mettananda
sin_6314_9438535153| hæma raṭakama vāgē nitīyenma dakvalā tiyenavā novæ | හැම රටකම වාගේ නිතීයෙන්ම දක්වලා තියෙනවා නොවැ |mettananda
sin_6314_9439951380| yam arthaya piṇisa sadā puññṁ pavaḍḍhati kiyana ladī | යම් අර්ථය පිණිස සදා පුඤ්ඤං පවඩ්ඪති කියන ලදී |mettananda
sin_6314_9487561718| mōḍi lābāla viyē dī yōjita vivāhayakaṭa anuva vivāha vū bava pævæsuṇi | මෝඩි ලාබාල වියේ දී යෝජිත විවාහයකට අනුව විවාහ වූ බව පැවැසුණි |mettananda
sin_6314_9540310631| pāpa mituran haṉdunā gænīmaṭa taram apa parissam viya yutuya | පාප මිතුරන් හඳුනා ගැනීමට තරම් අප පරිස්සම් විය යුතුය |mettananda
sin_6314_9549392018| hæmadāma volpēpar eka daha pahalos pārak māru kalā | හැමදාම වොල්පේපර් එක දහ පහලොස් පාරක් මාරු කලා |mettananda
sin_6314_9700806703| mokada mænḍelā mærenne nætuva jīvatva innavānē | මොකද මැන්ඩෙලා මැරෙන්නෙ නැතුව ජීවත්ව ඉන්නවානේ |mettananda
sin_6314_9867335919| minisā veta svāmitvayat vagakīmat nidahasat pævarē | මිනිසා වෙත ස්වාමිත්වයත් වගකීමත් නිදහසත් පැවරේ |mettananda
sin_6314_9916286010| movun væḍipurama siṭinuyē veraḷabaḍa sṁcāraka kalāpavalaya | මොවුන් වැඩිපුරම සිටිනුයේ වෙරළබඩ සංචාරක කලාපවලය |mettananda
sin_6897_0062885355| mohu dæn pissu rōgaya væḷaduna sunaka pōtakayek hā samānaya | මොහු දැන් පිස්සු රෝගය වැළදුන සුනක පෝතකයෙක් හා සමානය |mettananda
sin_6897_0168232215| svabhāvadharmayē apūrutama camatkārayan api issaraha mavanavā | ස්වභාවධර්මයේ අපූරුතම චමත්කාරයන් අපි ඉස්සරහ මවනවා |mettananda
sin_6897_0241127126| mīṭa amatarava rudhirayehi da mema rasāyanikaya antargata vī tibē | මීට අමතරව රුධිරයෙහි ද මෙම රසායනිකය අන්තර්ගත වී තිබේ |mettananda
sin_6897_0357780168| mokada apē dēval api nodanna ekakaṭa denna vena eka | මොකද අපේ දේවල් අපි නොදන්න එකකට දෙන්න වෙන එක |mettananda
sin_6897_0560147253| vicārasīli bauddhayekuṭa ekaṉga noviya hæki tænaki | විචාරසීලි බෞද්ධයෙකුට එකඟ නොවිය හැකි තැනකි |mettananda
sin_6897_0667638746| mokada ohu dēva dūtakavarayak lesa kurānayē sadahan velā tiyanavā | මොකද ඔහු දේව දූතකවරයක් ලෙස කුරානයේ සදහන් වෙලා තියනවා |mettananda
sin_6897_0713456696| pæṇideni kaṭugastoṭa bas eka nam nodanī kakā mahattayō | පැණිදෙනි කටුගස්තොට බස් එක නම් නොදනී කකා මහත්තයෝ |mettananda
sin_6897_0787936937| siṁhala alūt avuruddaṭat ē aya etana hiṭiyalū | සිංහල අලූත් අවුරුද්දටත් ඒ අය එතන හිටියලූ |mettananda
sin_6897_0985538562| hæbæyi ōkunge diviyaka padanamaṭa kelavelā ivarayi | හැබැයි ඕකුන්ගෙ දිවියක පදනමට කෙලවෙලා ඉවරයි |mettananda
sin_6897_1125789254| mokada mēvā kisivak api mærenna aran yannē næhæ | මොකද මේවා කිසිවක් අපි මැරෙන්න අරන් යන්නේ නැහැ |mettananda
sin_6897_1297242168| væḍi duraṭat sṁgītaya vidhimatva hadāranna upades dunnā | වැඩි දුරටත් සංගීතය විධිමත්ව හදාරන්න උපදෙස් දුන්නා |mettananda
sin_6897_1316379703| skoṭ ekaṉga unāṭa hæmadāma ælisanva hambavenna yanavā | ස්කොට් එකඟ උනාට හැමදාම ඇලිසන්ව හම්බවෙන්න යනවා |mettananda
sin_6897_1412774916| hæma kenāma tamanṭa ayiti kāriya dænan hiṭiyā | හැම කෙනාම තමන්ට අයිති කාරිය දැනන් හිටියා |mettananda
sin_6897_1429096704| siṁhala vēvā demala vēvā kavuru unat minissu | සිංහල වේවා දෙමල වේවා කවුරු උනත් මිනිස්සු |mettananda
sin_6897_1554471231| mokada kavuruvat ōka karana gaman aḍana un innavada | මොකද කවුරුවත් ඕක කරන ගමන් අඩන උන් ඉන්නවද |mettananda
sin_6897_1670502635| mokada metana goḍak velāvaṭa diya suḷi bahula tænak | මොකද මෙතන ගොඩක් වෙලාවට දිය සුළි බහුල තැනක් |mettananda
sin_6897_1708759200| rucikatvayak dækvūyē itā sarala āhāra vēlakaṭaya | රුචිකත්වයක් දැක්වූයේ ඉතා සරල ආහාර වේලකටය |mettananda
sin_6897_1919677435| mīṭa amatarava itāliyē pārlimēntuvē asun gænīmaṭada ovun samat vī avasānayi | මීට අමතරව ඉතාලියේ පාර්ලිමේන්තුවේ අසුන් ගැනීමටද ඔවුන් සමත් වී අවසානයි |mettananda
sin_6897_1955120659| mīṭa amatarava bæṁku ṇayadīma saṉdahā tænpatu væḍikara gata yutuya | මීට අමතරව බැංකු ණයදීම සඳහා තැන්පතු වැඩිකර ගත යුතුය |mettananda
sin_6897_2109872394| rajatumā tamanva māligayaṭa kæṉdavana bava dænum dunnā | රජතුමා තමන්ව මාලිගයට කැඳවන බව දැනුම් දුන්නා |mettananda
sin_6897_2169391183| perahæra tuḷa nækæt saṉdahā viśēṣa sthānayak himivenavā nēda | පෙරහැර තුළ නැකැත් සඳහා විශේෂ ස්ථානයක් හිමිවෙනවා නේද |mettananda
sin_6897_2252592779| monataram gæmburu avabōdhayak mē sita gæna tibila tiyenavada | මොනතරම් ගැඹුරු අවබෝධයක් මේ සිත ගැන තිබිල තියෙනවද |mettananda
sin_6897_2279157368| perahæra tuḷa ali ætunṭa himivannē suviśēṣī sthānayak | පෙරහැර තුළ අලි ඇතුන්ට හිමිවන්නේ සුවිශේෂී ස්ථානයක් |mettananda
sin_6897_2314570930| mokada mama rṁganayaṭa puduma taram ādarē karana kenek | මොකද මම රංගනයට පුදුම තරම් ආදරේ කරන කෙනෙක් |mettananda
sin_6897_2325581318| hæbæyi pin kiyanne monāda kiyalā mulin igena ganna | හැබැයි පින් කියන්නෙ මොනාද කියලා මුලින් ඉගෙන ගන්න |mettananda
sin_6897_2404482576| yānayē pasupasa dorat væsikiḷi dorat atara dura mīṭara dekakvat nǣ | යානයේ පසුපස දොරත් වැසිකිළි දොරත් අතර දුර මීටර දෙකක්වත් නෑ |mettananda
sin_6897_2411437984| siṁhala upasiræsi sambandhayen ætivana gæṭaḷuvalaṭa piḷituru | සිංහල උපසිරැසි සම්බන්ධයෙන් ඇතිවන ගැටළුවලට පිළිතුරු |mettananda
sin_6897_2467060992| mokada mē manussayat ehema kenek venna puḷuvan hindā | මොකද මේ මනුස්සයත් එහෙම කෙනෙක් වෙන්න පුළුවන් හින්දා |mettananda
sin_6897_2493768429| hiṭihæṭiyē ovungen ayekugē atamiṭa saruvī tibiṇa | හිටිහැටියේ ඔවුන්ගෙන් අයෙකුගේ අතමිට සරුවී තිබිණ |mettananda
sin_6897_2540864146| mobayil kanekṣan gæna kiyaddi mehema deyak maṭa vunā | මොබයිල් කනෙක්ෂන් ගැන කියද්දි මෙහෙම දෙයක් මට වුනා |mettananda
sin_6897_2596614123| yahaḷuvekṭa pota pās karaddi kollek liyapu ekak | යහළුවෙක්ට පොත පාස් කරද්දි කොල්ලෙක් ලියපු එකක් |mettananda
sin_6897_2739161025| yakō blog avakāśe inne mē vagē paṭṭa mōḍayōda | යකෝ බ්ලොග් අවකාශෙ ඉන්නෙ මේ වගේ පට්ට මෝඩයෝද |mettananda
sin_6897_2754529027| mokada ovungē pandu yævīma etaram tarjanayak tibuṇē nǣ | මොකද ඔවුන්ගේ පන්දු යැවීම එතරම් තර්ජනයක් තිබුණේ නෑ |mettananda
sin_6897_2955781660| rajatumā eyada mahā sṁgharatnayaṭa pujā kaḷa bava saṉdahan vē | රජතුමා එයද මහා සංඝරත්නයට පුජා කළ බව සඳහන් වේ |mettananda
sin_6897_3009038924| mokō ōvā oppu karalā pennanna puḷuvan kiyalaya | මොකෝ ඕවා ඔප්පු කරලා පෙන්නන්න පුළුවන් කියලය |mettananda
sin_6897_3018591447| rūpavāhinī naḷu niḷiyan lesa hida gata yutu næta | රූපවාහිනී නළු නිළියන් ලෙස හිද ගත යුතු නැත |mettananda
sin_6897_3117231257| rajatumā samaga giya pirisa da avut etumā pirivarā gat ha | රජතුමා සමග ගිය පිරිස ද අවුත් එතුමා පිරිවරා ගත් හ |mettananda
sin_6897_3695054124| raṭē yuktiyak sādhāraṇayak kiyalā ekak tiyenavāda | රටේ යුක්තියක් සාධාරණයක් කියලා එකක් තියෙනවාද |mettananda
sin_6897_3756607291| sākkuvē tibuṇa bōnikkāva aragena mehema kivvā | සාක්කුවේ තිබුණ බෝනික්කාව අරගෙන මෙහෙම කිව්වා |mettananda
sin_6897_4087064079| lṁkāvē buddhāgamaṭa venat vikalpa tibuṇēma næta | ලංකාවේ බුද්ධාගමට වෙනත් විකල්ප තිබුණේම නැත |mettananda
sin_6897_4166086677| hindi sinamāvet evan ēvā ōnǣ taram tiyenavā | හින්දි සිනමාවෙත් එවන් ඒවා ඕනෑ තරම් තියෙනවා |mettananda
sin_6897_4239951844| hasantat ehenam niyama ekakin væḍa allalā tiyennē | හසන්තත් එහෙනම් නියම එකකින් වැඩ අල්ලලා තියෙන්නේ |mettananda
sin_6897_4294179946| suddage diyuṇu raṭavala ayakarana baddaṭa samāna venavā | සුද්දගෙ දියුණු රටවල අයකරන බද්දට සමාන වෙනවා |mettananda
sin_6897_4303094228| yaṭat velā væḍa karapu aya ætulē innavā nam eka mahā aparādhayak | යටත් වෙලා වැඩ කරපු අය ඇතුලේ ඉන්නවා නම් එක මහා අපරාධයක් |mettananda
sin_6897_4360847230| hæmadēṭama ovunṭa æṉgilla dik karana ekat leḍak | හැමදේටම ඔවුන්ට ඇඟිල්ල දික් කරන එකත් ලෙඩක් |mettananda
sin_6897_4439659258| rṁjit navaratna mætitumāva mē dēśapālanaya sambandhava kaṭayutu karā | රංජිත් නවරත්න මැතිතුමාව මේ දේශපාලනය සම්බන්ධව කටයුතු කරා |mettananda
sin_6897_4499807127| yam kenek jīvitaya piḷibaṉdava kalakirilā divinasā gannavā | යම් කෙනෙක් ජීවිතය පිළිබඳව කලකිරිලා දිවිනසා ගන්නවා |mettananda
sin_6897_4574670509| rahat utuman mē kisima tænaka kampā vīmak nǣ | රහත් උතුමන් මේ කිසිම තැනක කම්පා වීමක් නෑ |mettananda
sin_6897_4577559299| yanna kalin kamenṭ ekak ehema dālā yannat amataka karanna epā | යන්න කලින් කමෙන්ට් එකක් එහෙම දාලා යන්නත් අමතක කරන්න එපා |mettananda
sin_6897_4635590252| hæbæyi āṇḍuvē dām ædilla tamayi mēkaṭa mula | හැබැයි ආණ්ඩුවේ දාම් ඇදිල්ල තමයි මේකට මුල |mettananda
sin_6897_4672980455| dumbara aḍaviyē pamaṇak jīvat vana lṁkāvaṭa āvēṇika miridiya kakuḷu viśēṣa hatarak da vē | දුම්බර අඩවියේ පමණක් ජීවත් වන ලංකාවට ආවේණික මිරිදිය කකුළු විශේෂ හතරක් ද වේ |mettananda
sin_6897_4781111592| hæbæyi siyalū duppatun bohimiyānuvō noveti | හැබැයි සියලූ දුප්පතුන් බොහිමියානුවෝ නොවෙති |mettananda
sin_6897_4843312551| hādayā cūlage dēśapālana tarahakārayek vage maṭa pēnne | හාදයා චූලගෙ දේශපාලන තරහකාරයෙක් වගෙ මට පේන්නෙ |mettananda
sin_6897_4855915594| ek lakṣa asū haya dahasak davas tunen hamba kaḷāda | එක් ලක්ෂ අසූ හය දහසක් දවස් තුනෙන් හම්බ කළාද |mettananda
sin_6897_4866488569| rūpayaka nætinam śabdayaka ē vidhiyaṭa sita ælenavā | රූපයක නැතිනම් ශබ්දයක ඒ විධියට සිත ඇලෙනවා |mettananda
sin_6897_5035538213| lōkaya kerehi ælīmat gæṭīmat dekama tarahava ætivīmehilā balapāyi | ලෝකය කෙරෙහි ඇලීමත් ගැටීමත් දෙකම තරහව ඇතිවීමෙහිලා බලපායි |mettananda
sin_6897_5186824219| hæbæyi sambōla mællum valaṭa nam pol ōnǣmayi | හැබැයි සම්බෝල මැල්ලුම් වලට නම් පොල් ඕනෑමයි |mettananda
sin_6897_5303263487| svāmīnī mṁ eya vikuṇannaṭa salpilaṭa geniccā | ස්වාමීනී මං එය විකුණන්නට සල්පිලට ගෙනිච්චා |mettananda
sin_6897_5410117285| hāmuduruvō mē bava vagakivayutu aṁśa valaṭa dænvuvā | හාමුදුරුවෝ මේ බව වගකිවයුතු අංශ වලට දැන්වුවා |mettananda
sin_6897_5410778091| monāvunat itin stūtiyi kivvā upasiræsiyaṭa | මොනාවුනත් ඉතින් ස්තූතියි කිව්වා උපසිරැසියට |mettananda
sin_6897_5434630604| mokada kālekin mama mehe sinamāva gæna danne næti nisā | මොකද කාලෙකින් මම මෙහෙ සිනමාව ගැන දන්නෙ නැති නිසා |mettananda
sin_6897_5767425693| yana gaman poḍi adahasakut oya pahaḷin dāgena yanna | යන ගමන් පොඩි අදහසකුත් ඔය පහළින් දාගෙන යන්න |mettananda
sin_6897_5773984354| raṭē minisunṭa āṇḍuvat samaga gæṭaluvak tiyenavā tamayi | රටේ මිනිසුන්ට ආණ්ඩුවත් සමග ගැටලුවක් තියෙනවා තමයි |mettananda
sin_6897_5793830130| viśāla kurullaku kaha kurullā kavadāvat dæka næta | විශාල කුරුල්ලකු කහ කුරුල්ලා කවදාවත් දැක නැත |mettananda
sin_6897_5850695606| yam yam parasparatā tibuṇat mē lipiyē samasthaya hā ekaṉgayi | යම් යම් පරස්පරතා තිබුණත් මේ ලිපියේ සමස්ථය හා එකඟයි |mettananda
sin_6897_6170414462| rūpārūpa bhavayanhi satvayā upata labannē mē hētuva nisayi | රූපාරූප භවයන්හි සත්වයා උපත ලබන්නේ මේ හේතුව නිසයි |mettananda
sin_6897_6220500143| rajamahā vihārasthānayē dāyaka sabhāvē sabhāpati vayi | රජමහා විහාරස්ථානයේ දායක සභාවේ සභාපති වයි |mettananda
sin_6897_6333511788| mīṭa amatarava nirmāṁśa vīma hō novīma hō tamangē kæmætta mata tīraṇaya kaḷa hæki deyaki | මීට අමතරව නිර්මාංශ වීම හෝ නොවීම හෝ තමන්ගේ කැමැත්ත මත තීරණය කළ හැකි දෙයකි |mettananda
sin_6897_6404597642| mīṭa amatarava matpæn bōtal viśāla kandak lesa hōṭalaya piṭupasa goḍagasā tibē | මීට අමතරව මත්පැන් බෝතල් විශාල කන්දක් ලෙස හෝටලය පිටුපස ගොඩගසා තිබේ |mettananda
sin_6897_6416244727| mokada evæni kalātmaka dēval vikuṇaganna amāruyi | මොකද එවැනි කලාත්මක දේවල් විකුණගන්න අමාරුයි |mettananda
sin_6897_6433798479| rahal kumaru buduradun pasu pasa vihārayaṭama giyē ya | රහල් කුමරු බුදුරදුන් පසු පස විහාරයටම ගියේ ය |mettananda
sin_6897_6558523846| hindu āgama bhakti mārgaya padanam karagat dharmayaki | හින්දු ආගම භක්ති මාර්ගය පදනම් කරගත් ධර්මයකි |mettananda
sin_6897_6685755342| mama film eka bæluvē kollupiṭiyē libarṭi sinamā śālāvedi tamayi | මම ෆිල්ම් එක බැලුවේ කොල්ලුපිටියේ ලිබර්ටි සිනමා ශාලාවෙදි තමයි |mettananda
sin_6897_6687866056| yam velāvaka apē bōdhisatvayan vahansē lumbiṇi uyanehi upannada | යම් වෙලාවක අපේ බෝධිසත්වයන් වහන්සේ ලුම්බිණි උයනෙහි උපන්නද |mettananda
sin_6897_6710117333| movungē pahara hētuven daruṇu tuvāla siduvē | මොවුන්ගේ පහර හේතුවෙන් දරුණු තුවාල සිදුවේ |mettananda
sin_6897_6782062522| vāsala sohoyurā māva goḍak unandu karā mē væḍēṭa | වාසල සොහොයුරා මාව ගොඩක් උනන්දු කරා මේ වැඩේට |mettananda
sin_6897_6816981497| hæbæyi kopamaṇa durakaṭa sārthaka veyida dannē nǣ | හැබැයි කොපමණ දුරකට සාර්ථක වෙයිද දන්නේ නෑ |mettananda
sin_6897_6958731775| rækiyā kaṭayutu piḷibaṉda idiri gamanak pennum karayi | රැකියා කටයුතු පිළිබඳ ඉදිරි ගමනක් පෙන්නුම් කරයි |mettananda
sin_6897_7024558615| mokada mē lipiyen ē piḷibaṉdava daḷa adahasak enavā | මොකද මේ ලිපියෙන් ඒ පිළිබඳව දළ අදහසක් එනවා |mettananda
sin_6897_7056451547| loriyā ararāj ālāra kālāma tavusāgē ārāmayayi | ලොරියා අරරාජ් ආලාර කාලාම තවුසාගේ ආරාමයයි |mettananda
sin_6897_7208387668| rajatumā ēkē nirmāṇa vaṭinākama dækka ekat niyamayi | රජතුමා ඒකේ නිර්මාණ වටිනාකම දැක්ක එකත් නියමයි |mettananda
sin_6897_7248863940| hariyaṭama hari ōkā nam niganṭayekma vennama ōna | හරියටම හරි ඕකා නම් නිගන්ටයෙක්ම වෙන්නම ඕන |mettananda
sin_6897_7348044415| venasvīma yanna etaram sarala sṁkalpayak da no vē | වෙනස්වීම යන්න එතරම් සරල සංකල්පයක් ද නො වේ |mettananda
sin_6897_7406526301| raṭa tuḷa mahat kæḷambili sahagata tatvayak æti vīmayi | රට තුළ මහත් කැළඹිලි සහගත තත්වයක් ඇති වීමයි |mettananda
sin_6897_7473714488| hitāganna puḷuvannē film eka kohomaṭa ætida kiyalā | හිතාගන්න පුළුවන්නේ ෆිල්ම් එක කොහොමට ඇතිද කියලා |mettananda
sin_6897_7708203456| yannat kusalaṭa mæli noviya yutu bavat ehi dækvenavā | යන්නත් කුසලට මැලි නොවිය යුතු බවත් එහි දැක්වෙනවා |mettananda
sin_6897_7730358370| hamuvīmen ma ahubudu sūrīn māgē sit æda gattēya | හමුවීමෙන් ම අහුබුදු සූරීන් මාගේ සිත් ඇද ගත්තේය |mettananda
sin_6897_7833675043| mahanuvara æsaḷa perahæra sārthaka kæra gænīma udesā rajayen læbennē monavagē dāyakatvayak da | මහනුවර ඇසළ පෙරහැර සාර්ථක කැර ගැනීම උදෙසා රජයෙන් ලැබෙන්නේ මොනවගේ දායකත්වයක් ද |mettananda
sin_6897_7907738815| hæbæyi putō veḷaṉda pola kiyana eka hadanna puluvan | හැබැයි පුතෝ වෙළඳ පොල කියන එක හදන්න පුලුවන් |mettananda
sin_6897_7973250797| rāgādī keles samūhaya klēṣa māra yannen hæṉdinvē | රාගාදී කෙලෙස් සමූහය ක්ලේෂ මාර යන්නෙන් හැඳින්වේ |mettananda
sin_6897_8000964510| sahōdaravaruni mē davas vala maṭa væḍa kaṭayutu adhikayi | සහෝදරවරුනි මේ දවස් වල මට වැඩ කටයුතු අධිකයි |mettananda
sin_6897_8001913076| hari ohoma tava kilōmīṭar hatak vitara issarahaṭa yamukō | හරි ඔහොම තව කිලෝමීටර් හතක් විතර ඉස්සරහට යමුකෝ |mettananda
sin_6897_8013503575| pævidda vanāhi ebaṉdu napuru tattvayak nova keles tunī karana pav aḍukarana sasara keṭi karana tattvayaki | පැවිද්ද වනාහි එබඳු නපුරු තත්ත්වයක් නොව කෙලෙස් තුනී කරන පව් අඩුකරන සසර කෙටි කරන තත්ත්වයකි |mettananda
sin_6897_8601844133| yakun nam vū minis pirisa ædahuyē maḷavunya | යකුන් නම් වූ මිනිස් පිරිස ඇදහුයේ මළවුන්ය |mettananda
sin_6897_8662292740| mīṭa amatarava toraturu ihata durakathanayaṭa katā kirīmen labāgata hækiya | මීට අමතරව තොරතුරු ඉහත දුරකථනයට කතා කිරීමෙන් ලබාගත හැකිය |mettananda
sin_6897_8684680327| mokada gamē aya oya sambandhayen virōdhayak paḷa karanavā | මොකද ගමේ අය ඔය සම්බන්ධයෙන් විරෝධයක් පළ කරනවා |mettananda
sin_6897_8969536046| raja kālē æṉdum valaṭa goḍak viyadam venna iḍa tiyanavā | රජ කාලේ ඇඳුම් වලට ගොඩක් වියදම් වෙන්න ඉඩ තියනවා |mettananda
sin_6897_8978142607| skandha kiyannē kālaya hā avakāśaya tuḷa pavatina dē | ස්කන්ධ කියන්නේ කාලය හා අවකාශය තුළ පවතින දේ |mettananda
sin_6897_9069394145| hæbæyi maṭa pudumākāra sæhælluvakin hiṭiyē | හැබැයි මට පුදුමාකාර සැහැල්ලුවකින් හිටියේ |mettananda
sin_6897_9092370777| mokak hari avāsanāvakaṭa apaṭa ē yugaya magahærilā giyā | මොකක් හරි අවාසනාවකට අපට ඒ යුගය මගහැරිලා ගියා |mettananda
sin_6897_9198119230| gūgal kiyanne dæn ælfabaṭ kiyana kompæṇiye koṭasak | ගූගල් කියන්නෙ දැන් ඇල්ෆබට් කියන කොම්පැණියෙ කොටසක් |mettananda
sin_6897_9308976229| sarōjā tuḷin vuvat niværædi dækmak samāja gata kalā | සරෝජා තුළින් වුවත් නිවැරැදි දැක්මක් සමාජ ගත කලා |mettananda
sin_6897_9309918804| loku galgeḍiyak aragena ara vaṉduragē oḷuvaṭa gæhuvā | ලොකු ගල්ගෙඩියක් අරගෙන අර වඳුරගේ ඔළුවට ගැහුවා |mettananda
sin_6897_9313266622| yama rajatumā ohuṭa dēvadūtayan pasdenek gæna sihipat karayi | යම රජතුමා ඔහුට දේවදූතයන් පස්දෙනෙක් ගැන සිහිපත් කරයි |mettananda
sin_6897_9319427780| vilī næmæti viśēṣa gati guṇa æti pudgalayāgē katāndarayayi | විලී නැමැති විශේෂ ගති ගුණ ඇති පුද්ගලයාගේ කතාන්දරයයි |mettananda
sin_6897_9333472808| hæbæyi ættaṭama ohu etanin yannama yanne næhæ | හැබැයි ඇත්තටම ඔහු එතනින් යන්නම යන්නෙ නැහැ |mettananda
sin_6897_9383807040| rāhula hāmuduruvan pavā kaṭayutu karanu læbuvē ē ayurini | රාහුල හාමුදුරුවන් පවා කටයුතු කරනු ලැබුවේ ඒ අයුරිනි |mettananda
sin_6897_9434202485| hæbæyi mama ēka ahanna puruduvelā hiṭiyē næhæ | හැබැයි මම ඒක අහන්න පුරුදුවෙලා හිටියේ නැහැ |mettananda
sin_6897_9544689759| rajatumā eya vēḷuvanārāmaya namin budurajāṇan vahansēṭa pūjā kaḷā | රජතුමා එය වේළුවනාරාමය නමින් බුදුරජාණන් වහන්සේට පූජා කළා |mettananda
sin_6897_9612005079| hæma yāḷuvekgema adahas valaṭa goḍak stūtiyi | හැම යාළුවෙක්ගෙම අදහස් වලට ගොඩක් ස්තූතියි |mettananda
sin_7183_0009386940| cek janarajaya saha slōvækiyāva dakuṇen māyim vī æta | චෙක් ජනරජය සහ ස්ලෝවැකියාව දකුණෙන් මායිම් වී ඇත |mettananda
sin_7183_0119386806| mokada lṁkāvēdi vagē anit raṭavaladi bānna tahanam | මොකද ලංකාවේදි වගේ අනිත් රටවලදි බාන්න තහනම් |mettananda
sin_7183_0164870955| issara gaman biman giyē payin nætnam karattayen | ඉස්සර ගමන් බිමන් ගියේ පයින් නැත්නම් කරත්තයෙන් |mettananda
sin_7183_0193989478| enayin hoṉda naraka devargayēma nirmāna tibiya yutuya | එනයින් හොඳ නරක දෙවර්ගයේම නිර්මාන තිබිය යුතුය |mettananda
sin_7183_0306258692| mēken mæḍagaskār ærenna anit dekama bæluvā | මේකෙන් මැඩගස්කාර් ඇරෙන්න අනිත් දෙකම බැලුවා |mettananda
sin_7183_0428658122| metæna tiyennē atiśayōktiyaṭa næṁvū upamāvak | මෙතැන තියෙන්නේ අතිශයෝක්තියට නැංවූ උපමාවක් |mettananda
sin_7183_0511906574| mul kālayē mama edesa no balā siṭīmaṭa vǣyam kaḷemi | මුල් කාලයේ මම එදෙස නො බලා සිටීමට වෑයම් කළෙමි |mettananda
sin_7183_0522968428| ætuḷaṭa giya ohu pæya bāgayakaṭa pamaṇa pasu eḷiyaṭa āvē satuṭeni | ඇතුළට ගිය ඔහු පැය බාගයකට පමණ පසු එළියට ආවේ සතුටෙනි |mettananda
sin_7183_0541352655| mema gambada palāta ohugē puhuṇuva anuva gattahama væḍak karannama næti tænak | මෙම ගම්බද පලාත ඔහුගේ පුහුණුව අනුව ගත්තහම වැඩක් කරන්නම නැති තැනක් |mettananda
sin_7183_0579095098| in ek enjimak pæhædiliva haṉdunāgata hækiya | ඉන් එක් එන්ජිමක් පැහැදිලිව හඳුනාගත හැකිය |mettananda
sin_7183_0662909042| obaṭama idiri lipiyakin hoṉdan pæhædili kala hæki bava maṭa tērenava | ඔබටම ඉදිරි ලිපියකින් හොඳන් පැහැදිලි කල හැකි බව මට තේරෙනව |mettananda
sin_7183_0709070815| antavādī pirisakagen kavadāvat samājayaṭa yahapatak venne nǣ | අන්තවාදී පිරිසකගෙන් කවදාවත් සමාජයට යහපතක් වෙන්නෙ නෑ |mettananda
sin_7183_0719752029| oya siddhiya gæna māt eccara dænṁ hiṭiyē nǣ | ඔය සිද්ධිය ගැන මාත් එච්චර දැනං හිටියේ නෑ |mettananda
sin_7183_0756046600| udāra pudgalayā siyalu denāgē yahapataṭa kæmætiyi | උදාර පුද්ගලයා සියලු දෙනාගේ යහපතට කැමැතියි |mettananda
sin_7183_0819117180| buddhimatek kiyala haṉdunvana mæṭṭō tavamat innavā | බුද්ධිමතෙක් කියල හඳුන්වන මැට්ටෝ තවමත් ඉන්නවා |mettananda
sin_7183_0829191936| menna mē gamana nam æṉgē mayil keḷin vena gamanak bava kiva yutuyi | මෙන්න මේ ගමන නම් ඇඟේ මයිල් කෙළින් වෙන ගමනක් බව කිව යුතුයි |mettananda
sin_7183_0868463523| ægē at saha kalavā sīrī tibenu hiṉgannā yantam duṭuvē ya | ඇගේ අත් සහ කලවා සීරී තිබෙනු හිඟන්නා යන්තම් දුටුවේ ය |mettananda
sin_7183_0874563622| meyaṭa sattāhakaraṇayen væḍīma lesa haṉdunvanu læbē | මෙයට සත්තාහකරණයෙන් වැඩීම ලෙස හඳුන්වනු ලැබේ |mettananda
sin_7183_1063719177| mē nisā samājaya dūṣaṇa bhīṣaṇa ghātanavalin pirī pavatī | මේ නිසා සමාජය දූෂණ භීෂණ ඝාතනවලින් පිරී පවතී |mettananda
sin_7183_1487936395| mema pohō dinayehi sidu vū āgamika siduvīm ræsaki | මෙම පොහෝ දිනයෙහි සිදු වූ ආගමික සිදුවීම් රැසකි |mettananda
sin_7183_1534787329| āyet doḷahe nivus bæluvet api kaṭṭiyama taniyama | ආයෙත් දොළහෙ නිවුස් බැලුවෙත් අපි කට්ටියම තනියම |mettananda
sin_7183_1604796429| mēkē tiyena tahanam kalāpayaṭa kāṭavat yanna bæhæ | මේකේ තියෙන තහනම් කලාපයට කාටවත් යන්න බැහැ |mettananda
sin_7183_1743187045| mulinma āvē mamayi tava kollekuyi kellō tun hatara denekuyi | මුලින්ම ආවේ මමයි තව කොල්ලෙකුයි කෙල්ලෝ තුන් හතර දෙනෙකුයි |mettananda
sin_7183_1877425939| upa viduhalpati nikam leḍa dāganī | උප විදුහල්පති නිකම් ලෙඩ දාගනී |mettananda
sin_7183_1886625053| anek evæni ma raṭak vanuyē bolīviyāvayi | අනෙක් එවැනි ම රටක් වනුයේ බොලීවියාවයි |mettananda
sin_7183_1900786644| mudal kalamaṇākaraṇaya durvala niṣphala tattvayak æti kerē | මුදල් කලමණාකරණය දුර්වල නිෂ්ඵල තත්ත්වයක් ඇති කෙරේ |mettananda
sin_7183_1915425126| oya siddhiya vuṇu avasthāvē mamat etæna hiṭiyā | ඔය සිද්ධිය වුණු අවස්ථාවේ මමත් එතැන හිටියා |mettananda
sin_7183_1932220079| menna api vagē poḍi lamayinṭa balanna hoda næti ekak dālō | මෙන්න අපි වගේ පොඩි ලමයින්ට බලන්න හොද නැති එකක් දාලෝ |mettananda
sin_7183_2112879655| ācar blaḍ upannē cikāgō hidīya | ආචර් බ්ලඩ් උපන්නේ චිකාගෝ හිදීය |mettananda
sin_7183_2226071954| indiyāva lokayē viśālatama gava gahaṇaya siṭina raṭa nemeyi | ඉන්දියාව ලොකයේ විශාලතම ගව ගහණය සිටින රට නෙමෙයි |mettananda
sin_7183_2253379439| mema svāmi bhāryā yutukam iṭuvana pavul parisara sārthakaya | මෙම ස්වාමි භාර්යා යුතුකම් ඉටුවන පවුල් පරිසර සාර්ථකය |mettananda
sin_7183_2269268616| amutuvenma mævuṇu apāyakaṭa poḷava paḷāgena yayi | අමුතුවෙන්ම මැවුණු අපායකට පොළව පළාගෙන යයි |mettananda
sin_7183_2309879494| mema pasu bimehi indiyānu āṇḍuva nivāsak idi kirīmaṭa idiripat vīma gæna api satuṭa hā sænasīmaṭa pat vimu | මෙම පසු බිමෙහි ඉන්දියානු ආණ්ඩුව නිවාසක් ඉදි කිරීමට ඉදිරිපත් වීම ගැන අපි සතුට හා සැනසීමට පත් විමු |mettananda
sin_7183_2372408028| īṭa passe poḍi sæman ṭin kihipayakut hoyāgatta | ඊට පස්සෙ පොඩි සැමන් ටින් කිහිපයකුත් හොයාගත්ත |mettananda
sin_7183_2504124849| mēka dannē mayiyokkā gahak galavapu kenek tamayi | මේක දන්නේ මයියොක්කා ගහක් ගලවපු කෙනෙක් තමයි |mettananda
sin_7183_2993327952| daṉgayāṭa issara polīsiyē mahatvaru pennannaṭa bæriya | දඟයාට ඉස්සර පොලීසියේ මහත්වරු පෙන්නන්නට බැරිය |mettananda
sin_7183_3279734120| mema gamanēdī maraṇayaṭa patvana aya sædæhætiyan atara viya | මෙම ගමනේදී මරණයට පත්වන අය සැදැහැතියන් අතර විය |mettananda
sin_7183_3578473944| nattal davase ekaṭa dekak ma aran ævilla tiyenne | නත්තල් දවසෙ එකට දෙකක් ම අරන් ඇවිල්ල තියෙන්නෙ |mettananda
sin_7183_3615086775| dhanavatma pavulaka darævakuṭa æra eya karannaṭa hækiyāvak næhæ | ධනවත්ම පවුලක දරැවකුට ඇර එය කරන්නට හැකියාවක් නැහැ |mettananda
sin_7183_3705642506| badulla baṇḍāravela saha haputalē ādī sṁcāraka puravarayanda ūva paḷāta satu vē | බදුල්ල බණ්ඩාරවෙල සහ හපුතලේ ආදී සංචාරක පුරවරයන්ද ඌව පළාත සතු වේ |mettananda
sin_7183_3719044363| ek vasaraka adhika væḍa kirīmenda asanīpa tattvayenda atiśayin vehesaṭa pat vū cekōv cārikāvak saṉdahā yukrēnaya balā piṭat vuṇēya | එක් වසරක අධික වැඩ කිරීමෙන්ද අසනීප තත්ත්වයෙන්ද අතිශයින් වෙහෙසට පත් වූ චෙකෝව් චාරිකාවක් සඳහා යුක්රේනය බලා පිටත් වුණේය |mettananda
sin_7183_3748554233| ætulkōṭṭē hṁdiya gæna māgē dænīma nam eccarama næhæ | ඇතුල්කෝට්ටේ හංදිය ගැන මාගේ දැනීම නම් එච්චරම නැහැ |mettananda
sin_7183_3847244983| metanaṭa kelinma seṭ vennē nǣ kiyalayi maṭa nṁ hitennē | මෙතනට කෙලින්ම සෙට් වෙන්නේ නෑ කියලයි මට නං හිතෙන්නේ |mettananda
sin_7183_3969914223| mulinma ē ḷamayā gē parighaṇaka dænuma soyā bæliya yutuyi | මුලින්ම ඒ ළමයා ගේ පරිඝණක දැනුම සොයා බැලිය යුතුයි |mettananda
sin_7183_3977950878| metæna evænnak siduvī æti bavak maṭa nam nopenē | මෙතැන එවැන්නක් සිදුවී ඇති බවක් මට නම් නොපෙනේ |mettananda
sin_7183_4171763965| aniyam mārgavalin mudal labāgata hæki davasaki | අනියම් මාර්ගවලින් මුදල් ලබාගත හැකි දවසකි |mettananda
sin_7183_4297768223| etæna kī denek hiṭiyāda kiyalā kiyanna maṭa bæhæ | එතැන කී දෙනෙක් හිටියාද කියලා කියන්න මට බැහැ |mettananda
sin_7183_4579198558| menna mēka nisā tamayi japānaya ehema karala tiyennē | මෙන්න මේක නිසා තමයි ජපානය එහෙම කරල තියෙන්නේ |mettananda
sin_7183_4703232260| davasē kaṭayutu bādhāvakin torava karagena yāmaṭa hækivē | දවසේ කටයුතු බාධාවකින් තොරව කරගෙන යාමට හැකිවේ |mettananda
sin_7183_4789881794| muṁ kavadāvat vivēcana piḷigatta jātiyak nevi | මුං කවදාවත් විවේචන පිළිගත්ත ජාතියක් නෙවි |mettananda
sin_7183_4895267032| mēka budu hāmuduruvanṭa karapu daruṇu apahāsayak | මේක බුදු හාමුදුරුවන්ට කරපු දරුණු අපහාසයක් |mettananda
sin_7183_4905897274| agōstu vala puccapu hēna vapurannē mona kālayēda | අගෝස්තු වල පුච්චපු හේන වපුරන්නේ මොන කාලයේද |mettananda
sin_7183_4907447836| miturā piḷibaṉda vividha dos nagannavun vaḷakayi | මිතුරා පිළිබඳ විවිධ දොස් නගන්නවුන් වළකයි |mettananda
sin_7183_4961687291| mema nīti regulāsi valin riṁgā yāma pahasu næta | මෙම නීති රෙගුලාසි වලින් රිංගා යාම පහසු නැත |mettananda
sin_7183_5095819175| oyagollot ḍavunlōḍ karalama balanna katāvē mokakda vennē kiyalā | ඔයගොල්ලොත් ඩවුන්ලෝඩ් කරලම බලන්න කතාවේ මොකක්ද වෙන්නේ කියලා |mettananda
sin_7183_5126626238| metek dura apit ekka āpu okkomalaṭa bohoma stutiyi | මෙතෙක් දුර අපිත් එක්ක ආපු ඔක්කොමලට බොහොම ස්තුතියි |mettananda
sin_7183_5197179544| mēka pōsṭ kalāṭa gōlayā sahōdarayāṭa tǣnks vēvā | මේක පෝස්ට් කලාට ගෝලයා සහෝදරයාට තෑන්ක්ස් වේවා |mettananda
sin_7183_5266766690| mulinma karannē væradikaruda niværadikaruda kiyalā kaṭṭiyagē chandaya vimasana eka | මුලින්ම කරන්නේ වැරදිකරුද නිවැරදිකරුද කියලා කට්ටියගේ ඡන්දය විමසන එක |mettananda
sin_7183_5341736940| mē dina pæræṇi kālayē pohoya doḷahakaṭa bedā tibuṇa | මේ දින පැරැණි කාලයේ පොහොය දොළහකට බෙදා තිබුණ |mettananda
sin_7183_5494912525| metænadī venat aturu tarkayakut pænanaginavā nēda | මෙතැනදී වෙනත් අතුරු තර්කයකුත් පැනනගිනවා නේද |mettananda
sin_7183_5546395189| mema gamana parsiyānu kaviyek da vistara kara æta | මෙම ගමන පර්සියානු කවියෙක් ද විස්තර කර ඇත |mettananda
sin_7183_5574362752| gavēṣakayā siya viduli pandama pasekaṭa yomu kaḷēya | ගවේෂකයා සිය විදුලි පන්දම පසෙකට යොමු කළේය |mettananda
sin_7183_5958003747| hayilevel pāra maharagama koṭṭāva hōmāgama harahā ratnapura yā karayi | හයිලෙවෙල් පාර මහරගම කොට්ටාව හෝමාගම හරහා රත්නපුර යා කරයි |mettananda
sin_7183_6364063835| mēvā ekinekaṭa ven kara haṉdunā gænīma duṣkaraya | මේවා එකිනෙකට වෙන් කර හඳුනා ගැනීම දුෂ්කරය |mettananda
sin_7183_6375371796| mema kæsbǣvā sorakam kirīma sambandhava magē kisi sambandhayak næhæ | මෙම කැස්බෑවා සොරකම් කිරීම සම්බන්ධව මගේ කිසි සම්බන්ධයක් නැහැ |mettananda
sin_7183_6379066828| ek daḷadā vahansē namak gandhāra purayehi pidum labat | එක් දළදා වහන්සේ නමක් ගන්ධාර පුරයෙහි පිදුම් ලබත් |mettananda
sin_7183_6514998428| palliyen piṭava yana mohu sorun rælakaṭa asu venavā | පල්ලියෙන් පිටව යන මොහු සොරුන් රැලකට අසු වෙනවා |mettananda
sin_7183_6559349400| ekkenek ænjalīnā vagē lassanama lassana kellek | එක්කෙනෙක් ඇන්ජලීනා වගේ ලස්සනම ලස්සන කෙල්ලෙක් |mettananda
sin_7183_6589322578| ænjalō mætivs tava duraṭat ṭesṭ saha ekdina kaṇḍāyamvala nāyakayā lesa kaṭayutu karayi | ඇන්ජලෝ මැතිව්ස් තව දුරටත් ටෙස්ට් සහ එක්දින කණ්ඩායම්වල නායකයා ලෙස කටයුතු කරයි |mettananda
sin_7183_6694631860| mema piḷigænīma bududahamehi suviśēṣī tænak læbēvi | මෙම පිළිගැනීම බුදුදහමෙහි සුවිශේෂී තැනක් ලැබේවි |mettananda
sin_7183_6716425545| æt gava muva vaṉduru nāga ādī sattva kulavala ipida æta | ඇත් ගව මුව වඳුරු නාග ආදී සත්ත්ව කුලවල ඉපිද ඇත |mettananda
sin_7183_6753335981| mukhaya vaṭā vū ræḷi valin goḷu bava nirūpanaya vē | මුඛය වටා වූ රැළි වලින් ගොළු බව නිරූපනය වේ |mettananda
sin_7183_6842032326| mēkā kiyannē harak mas nætiva balumas kanna kiyalada | මේකා කියන්නේ හරක් මස් නැතිව බලුමස් කන්න කියලද |mettananda
sin_7183_6940689242| mēkā gatta kaṭaṭa kiyāpi nǣ kisima varadak nǣ kiyalā | මේකා ගත්ත කටට කියාපි නෑ කිසිම වරදක් නෑ කියලා |mettananda
sin_7183_6948189928| meyin matu kaḷa karuṇu piḷibaṉda dharmadharayō vimasatvā | මෙයින් මතු කළ කරුණු පිළිබඳ ධර්මධරයෝ විමසත්වා |mettananda
sin_7183_6958092532| nattal kāledī amutu aturudahanvīm kihipayak siddha venavā | නත්තල් කාලෙදී අමුතු අතුරුදහන්වීම් කිහිපයක් සිද්ධ වෙනවා |mettananda
sin_7183_7050606462| irānayē aganuvara ṭeherān vē | ඉරානයේ අගනුවර ටෙහෙරාන් වේ |mettananda
sin_7183_7215489298| metek dinak rækiyā piḷibaṉdava pævati karadara ivat veyi | මෙතෙක් දිනක් රැකියා පිළිබඳව පැවති කරදර ඉවත් වෙයි |mettananda
sin_7183_7233341066| mē sambandha matavāda rāśiyak dænaṭa idiripatva æta | මේ සම්බන්ධ මතවාද රාශියක් දැනට ඉදිරිපත්ව ඇත |mettananda
sin_7183_7364635497| mē daruvāgē rækavaraṇayaṭa kisima manussayek næhæ | මේ දරුවාගේ රැකවරණයට කිසිම මනුස්සයෙක් නැහැ |mettananda
sin_7183_7428272771| mē lōkayehi samahara kenek musāvādayen væḷakī siṭiyi | මේ ලෝකයෙහි සමහර කෙනෙක් මුසාවාදයෙන් වැළකී සිටියි |mettananda
sin_7183_7493976599| idiriyaṭa pæmiṇi minisunva kītu kītu karalā dæmmā | ඉදිරියට පැමිණි මිනිසුන්ව කීතු කීතු කරලා දැම්මා |mettananda
sin_7183_7554984766| nuvanuyi māyi surṁga lakmāluyi campaka sar ekka hiṭiya | නුවනුයි මායි සුරංග ලක්මාලුයි චම්පක සර් එක්ක හිටිය |mettananda
sin_7183_8029600446| dhīvara āmpanna hā bōṭṭu enjin ānayanayēdī adāḷa baḍu aḍu karanavā | ධීවර ආම්පන්න හා බෝට්ටු එන්ජින් ආනයනයේදී අදාළ බඩු අඩු කරනවා |mettananda
sin_7183_8033419364| meccara kālayak hiṭiyē sat guṇavat upāsakayek vagē | මෙච්චර කාලයක් හිටියේ සත් ගුණවත් උපාසකයෙක් වගේ |mettananda
sin_7183_8060917691| mēka muḷu jātiyak goḍa naganna damana attivāramak | මේක මුළු ජාතියක් ගොඩ නගන්න දමන අත්තිවාරමක් |mettananda
sin_7183_8067534522| balana koṭa ṭavun hōl eka addara tibuṇa tāppayak uḍa vāḍivelā dennek innavā | බලන කොට ටවුන් හෝල් එක අද්දර තිබුණ තාප්පයක් උඩ වාඩිවෙලා දෙන්නෙක් ඉන්නවා |mettananda
sin_7183_8124689423| gayānṭa mīṭa kalinut oyavagē sambandhakam tibuṇā | ගයාන්ට මීට කලිනුත් ඔයවගේ සම්බන්ධකම් තිබුණා |mettananda
sin_7183_8364136186| indiyāvaṭat vaḍā mēka tadin dænennē lṁkāvaṭa | ඉන්දියාවටත් වඩා මේක තදින් දැනෙන්නේ ලංකාවට |mettananda
sin_7183_8385884802| mesē nokalot anāgatayēdī mē yōga hamudāva naḍattu kala hækida | මෙසේ නොකලොත් අනාගතයේදී මේ යෝග හමුදාව නඩත්තු කල හැකිද |mettananda
sin_7183_8567461997| minisunṭa jīvita sænasīmē udāra atdækīm læbiṇa | මිනිසුන්ට ජීවිත සැනසීමේ උදාර අත්දැකීම් ලැබිණ |mettananda
sin_7183_8606783045| iṉdiāppa dusim dekak kiyanne gǣvennavat madi | ඉඳිආප්ප දුසිම් දෙකක් කියන්නෙ ගෑවෙන්නවත් මදි |mettananda
sin_7183_8645155133| mīṭa passē mamat rækiyāvaṭa blogar kiyalā dānṭa hitāgattā | මීට පස්සේ මමත් රැකියාවට බ්ලොගර් කියලා දාන්ට හිතාගත්තා |mettananda
sin_7183_8681228878| antarjātika adhikaranayen cūditayanṭa varentu nikut karanavā | අන්තර්ජාතික අධිකරනයෙන් චූදිතයන්ට වරෙන්තු නිකුත් කරනවා |mettananda
sin_7183_8713876133| melesa rōhalavala apamaṇa duk viṉdina satvayōma bohō veti | මෙලෙස රෝහලවල අපමණ දුක් විඳින සත්වයෝම බොහෝ වෙති |mettananda
sin_7183_8858018032| medā pāra kisima vivāha utsavayaṭa pera sāda vagē dēval næhæ | මෙදා පාර කිසිම විවාහ උත්සවයට පෙර සාද වගේ දේවල් නැහැ |mettananda
sin_7183_8863316074| lṁkāve pēṭanṭ ekak denne kohomada | ලංකාවෙ පේටන්ට් එකක් දෙන්නෙ කොහොමද |mettananda
sin_7183_8881325934| menisā unvahansē væḍasiṭiyat nætat kisi kenekuṭa venasak tērunē næhæ | මෙනිසා උන්වහන්සේ වැඩසිටියත් නැතත් කිසි කෙනෙකුට වෙනසක් තේරුනේ නැහැ |mettananda
sin_7183_8881355369| mē siyalla budun vahansē dēśanā kaḷa dharmayō ya | මේ සියල්ල බුදුන් වහන්සේ දේශනා කළ ධර්මයෝ ය |mettananda
sin_7183_9101299905| mīṭa avurudu tunsīyakaṭa kalin hiṭiyā nam ēt mukut næhæ | මීට අවුරුදු තුන්සීයකට කලින් හිටියා නම් ඒත් මුකුත් නැහැ |mettananda
sin_7183_9196750415| mēka mīṭa issellāt mama sadahan karalā tiyena deyak | මේක මීට ඉස්සෙල්ලාත් මම සදහන් කරලා තියෙන දෙයක් |mettananda
sin_7183_9219653029| mēka dakina cāli movungen paliganna paṭan gannavā | මේක දකින චාලි මොවුන්ගෙන් පලිගන්න පටන් ගන්නවා |mettananda
sin_7183_9323296214| baṉdinna ganna iraṭu ṭika ē karuvaṭa tamayi hira karanne | බඳින්න ගන්න ඉරටු ටික ඒ කරුවට තමයි හිර කරන්නෙ |mettananda
sin_7183_9391757337| mudal pasumbiyē vū hæṉdunumpatin ohu kavudæyi haṉdunā gænuṇi | මුදල් පසුම්බියේ වූ හැඳුනුම්පතින් ඔහු කවුදැයි හඳුනා ගැනුණි |mettananda
sin_7183_9474128676| ātar sī klāk upata læbuvē eṁgalantayē samarseṭ hidīya | ආතර් සී ක්ලාක් උපත ලැබුවේ එංගලන්තයේ සමර්සෙට් හිදීය |mettananda
sin_7183_9579624105| mē nisayi aliyā peraharaṭa sambandha karagena tibennē | මේ නිසයි අලියා පෙරහරට සම්බන්ධ කරගෙන තිබෙන්නේ |mettananda
sin_7183_9709802113| poḷonnaruva rājadhāniyak hæṭiyaṭada parivartanaya viya | පොළොන්නරුව රාජධානියක් හැටියටද පරිවර්තනය විය |mettananda
sin_7183_9711623706| mema gāthāvehi paṇḍitayā kiyannē rahatan vahansēṭayi | මෙම ගාථාවෙහි පණ්ඩිතයා කියන්නේ රහතන් වහන්සේටයි |mettananda
sin_7183_9837514932| mehi dī bællaṭa da ballāṭa men ma nidahasa himi ya | මෙහි දී බැල්ලට ද බල්ලාට මෙන් ම නිදහස හිමි ය |mettananda
sin_7183_9872160116| mulā vū muvan marā væddā āhārayaṭa gannā ladī | මුලා වූ මුවන් මරා වැද්දා ආහාරයට ගන්නා ලදී |mettananda
sin_7183_9879367314| namut eyāṭa sārthaka asvænnak nelāganna bǣ | නමුත් එයාට සාර්ථක අස්වැන්නක් නෙලාගන්න බෑ |mettananda
sin_9228_0000084396| metana kanda nægala uḍaṭa giyāma vaṭēma hoṉdaṭa pēnavā | මෙතන කන්ද නැගල උඩට ගියාම වටේම හොඳට පේනවා |mettananda
sin_9228_0175648630| antavādīn vaḍā biya vannē pot saha pǣnvalaṭayi | අන්තවාදීන් වඩා බිය වන්නේ පොත් සහ පෑන්වලටයි |mettananda
sin_9228_0234475409| mīṭa vasarakaṭa pamaṇa perada mevæni siduvīmak piḷibaṉdava vārtāvē | මීට වසරකට පමණ පෙරද මෙවැනි සිදුවීමක් පිළිබඳව වාර්තාවේ |mettananda
sin_9228_0390930205| æya gāyanayaṭa suviśēṣī hækiyāvak æti śilpiṇiyaka vana bava ovun iṉdurāma pavasana deyaki | ඇය ගායනයට සුවිශේෂී හැකියාවක් ඇති ශිල්පිණියක වන බව ඔවුන් ඉඳුරාම පවසන දෙයකි |mettananda
sin_9228_0544106533| mun mē ada kālē kuḍāpola hāmuduruvaru venna yanavā | මුන් මේ අද කාලේ කුඩාපොල හාමුදුරුවරු වෙන්න යනවා |mettananda
sin_9228_0553329879| mēvāyē tattvaya apaṭa dæka gata hæki vana avasthā virala ya | මේවායේ තත්ත්වය අපට දැක ගත හැකි වන අවස්ථා විරල ය |mettananda
sin_9228_0570641757| menna ovun eya pæhædili koṭa evā tibuna lipiya | මෙන්න ඔවුන් එය පැහැදිලි කොට එවා තිබුන ලිපිය |mettananda
sin_9228_0799657096| layanal mesī saha fæbrigās labāgat gōla dekakin poraṭō kaṇḍāyam supiri kusalānayada jaya gannā ladī | ලයනල් මෙසී සහ ෆැබ්රිගාස් ලබාගත් ගෝල දෙකකින් පොරටෝ කණ්ඩායම් සුපිරි කුසලානයද ජය ගන්නා ලදී |mettananda
sin_9228_0814190113| metumā holman viśvāsa karannē næhæ kiyalā kiyāpu handā tavat deyak kiyalā yanna ōnǣ | මෙතුමා හොල්මන් විශ්වාස කරන්නේ නැහැ කියලා කියාපු හන්දා තවත් දෙයක් කියලා යන්න ඕනෑ |mettananda
sin_9228_0822363844| avasāna vaśayen væḍēṭa bohoma stutiyi kivvā | අවසාන වශයෙන් වැඩේට බොහොම ස්තුතියි කිව්වා |mettananda
sin_9228_1030047216| indu lṁkā givisumaṭa dǣvuruddak piruṇē jūli māsayēdīya | ඉන්දු ලංකා ගිවිසුමට දෑවුරුද්දක් පිරුණේ ජූලි මාසයේදීය |mettananda
sin_9228_1175836358| uḍunuvara yaṭinuvara dumbara hēvāhæṭa hārispattuva | උඩුනුවර යටිනුවර දුම්බර හේවාහැට හාරිස්පත්තුව |mettananda
sin_9228_1195680126| metæna gal bokka kiyana tænē næṁguram dæmmā kiyalā saṉdahan venavā | මෙතැන ගල් බොක්ක කියන තැනේ නැංගුරම් දැම්මා කියලා සඳහන් වෙනවා |mettananda
sin_9228_1205629869| mūṇat ekka taraha velā nahaya kapāgena tiyenavā mēkā | මූණත් එක්ක තරහ වෙලා නහය කපාගෙන තියෙනවා මේකා |mettananda
sin_9228_1393061918| nāgarika sṁvardhana adhikāriya gālumuvadorapiṭiya paudgalika samāgamakaṭa badudīmaṭa kaṭayutu sūdānam karana ladī | නාගරික සංවර්ධන අධිකාරිය ගාලුමුවදොරපිටිය පෞද්ගලික සමාගමකට බදුදීමට කටයුතු සූදානම් කරන ලදී |mettananda
sin_9228_1504581063| mēka sampurṇayenma rǣgata karala tiyenne siṁgappūruvē | මේක සම්පුර්ණයෙන්ම රෑගත කරල තියෙන්නෙ සිංගප්පූරුවේ |mettananda
sin_9228_1541742979| mē nisā hetema śārīrika vēdanā pamaṇak viṉdiyi | මේ නිසා හෙතෙම ශාරීරික වේදනා පමණක් විඳියි |mettananda
sin_9228_1544142459| mema paḷamu gilanpasa pūjāvaṭa pæṇi vargat palaturu yuṣa vargat gænē | මෙම පළමු ගිලන්පස පූජාවට පැණි වර්ගත් පලතුරු යුෂ වර්ගත් ගැනේ |mettananda
sin_9228_1628421309| mēkā lṁkā kitunuvan saha siṁhalayan koṭavana kaṭu levakannek | මේකා ලංකා කිතුනුවන් සහ සිංහලයන් කොටවන කටු ලෙවකන්නෙක් |mettananda
sin_9228_1716458671| ekī viśvāsa bohomayak minisun atara pavatinavā | එකී විශ්වාස බොහොමයක් මිනිසුන් අතර පවතිනවා |mettananda
sin_9228_1777621254| mul kopi miladī aragena tamangē nama gahagena ēvā vināśa karanavā | මුල් කොපි මිලදී අරගෙන තමන්ගේ නම ගහගෙන ඒවා විනාශ කරනවා |mettananda
sin_9228_1780707976| mema pada nūtana vādakayin notakā hærīma nisā parihāniyaṭa yamin pavatī | මෙම පද නූතන වාදකයින් නොතකා හැරීම නිසා පරිහානියට යමින් පවතී |mettananda
sin_9228_1849547964| mehi purāṇa dambadiva piḷibaṉda vārtāvan aḍṁgu vē | මෙහි පුරාණ දඹදිව පිළිබඳ වාර්තාවන් අඩංගු වේ |mettananda
sin_9228_1939276200| muva rṁcuvak pāra mædaṭa pæmiṇa navatiyi | මුව රංචුවක් පාර මැදට පැමිණ නවතියි |mettananda
sin_9228_1975618108| mē vihāraya siṁgappūruvē dænaṭa æti viśāla theravādī vihārayayi | මේ විහාරය සිංගප්පූරුවේ දැනට ඇති විශාල ථෙරවාදී විහාරයයි |mettananda
sin_9228_2014790642| oya film ekat kohomahari horāṭa rilīs veyi | ඔය ෆිල්ම් එකත් කොහොමහරි හොරාට රිලීස් වෙයි |mettananda
sin_9228_2042123057| meya hæma viṭama iṭuvī tibē yæyi sitiya nohækiya | මෙය හැම විටම ඉටුවී තිබේ යැයි සිතිය නොහැකිය |mettananda
sin_9228_2052589294| ætta æti sæṭiyen katā kalot mehi siduvī ættē meyayi | ඇත්ත ඇති සැටියෙන් කතා කලොත් මෙහි සිදුවී ඇත්තේ මෙයයි |mettananda
sin_9228_2161188306| muhudu pæḷǣṭi vala kiyanna bæri taram alṁkāra mal pipilā | මුහුදු පැළෑටි වල කියන්න බැරි තරම් අලංකාර මල් පිපිලා |mettananda
sin_9228_2197118073| ættaṭama ada koṭasē avasānayaṭa nam maṭat duka hitunā | ඇත්තටම අද කොටසේ අවසානයට නම් මටත් දුක හිතුනා |mettananda
sin_9228_2277161271| mokada væradunot næti vennē rōgiyāgē jīvitē | මොකද වැරදුනොත් නැති වෙන්නේ රෝගියාගේ ජීවිතේ |mettananda
sin_9228_2531958795| itiṁ ōvā okkama kiyavalā ivaravenakoṭa edā davasa ivarayi | ඉතිං ඕවා ඔක්කම කියවලා ඉවරවෙනකොට එදා දවස ඉවරයි |mettananda
sin_9228_2539701660| metaniṁ ehāṭa vena ēvā oyāṭama balalā rasaviṉdinna venavā | මෙතනිං එහාට වෙන ඒවා ඔයාටම බලලා රසවිඳින්න වෙනවා |mettananda
sin_9228_2582332986| menna mē vidihaṭa mē nuvaṇayi sihiyayi keles tavana vīryayayi | මෙන්න මේ විදිහට මේ නුවණයි සිහියයි කෙලෙස් තවන වීර්යයයි |mettananda
sin_9228_2840141256| ārṁciya gama purā pætira giyē viduli vēgayeni | ආරංචිය ගම පුරා පැතිර ගියේ විදුලි වේගයෙනි |mettananda
sin_9228_2891654038| mulinma bōdhīn vahansē tirayakin āvaraṇaya karanu læbīya | මුලින්ම බෝධීන් වහන්සේ තිරයකින් ආවරණය කරනු ලැබීය |mettananda
sin_9228_3173804369| mēkat ara mṁ poḍitti nidi karavanna kivva ekak | මේකත් අර මං පොඩිත්ති නිදි කරවන්න කිව්ව එකක් |mettananda
sin_9228_3395907889| menna kenek dæn maget ekka oṭṭu allanṭa āvā | මෙන්න කෙනෙක් දැන් මගෙත් එක්ක ඔට්ටු අල්ලන්ට ආවා |mettananda
sin_9228_3457048317| meyin hindu āgamika sitin ægayumaṭa lakveyi | මෙයින් හින්දු ආගමික සිතින් ඇගයුමට ලක්වෙයි |mettananda
sin_9228_3477458886| etænadī ohuṭa jivitayen vandi gevanna siduvenavā | එතැනදී ඔහුට ජිවිතයෙන් වන්දි ගෙවන්න සිදුවෙනවා |mettananda
sin_9228_3494673511| mema alut arthakathanayehi dēśapālana muvahata itā tīraṇātmaka ya | මෙම අලුත් අර්ථකථනයෙහි දේශපාලන මුවහත ඉතා තීරණාත්මක ය |mettananda
sin_9228_3751602574| yakṣa kumbhāṇḍa ādīn apa deviyan kiyā hō nosalakamu | යක්ෂ කුම්භාණ්ඩ ආදීන් අප දෙවියන් කියා හෝ නොසලකමු |mettananda
sin_9228_3886616617| ivasīmen yutuva dhārmikava kālaya gata kirīma sudusuya | ඉවසීමෙන් යුතුව ධාර්මිකව කාලය ගත කිරීම සුදුසුය |mettananda
sin_9228_3901595513| ægē ekama aramuṇa vennet taman karana kaṭayutta tuḷa paripūrṇatvayaṭa pat vennayi | ඇගේ එකම අරමුණ වෙන්නෙත් තමන් කරන කටයුත්ත තුළ පරිපූර්ණත්වයට පත් වෙන්නයි |mettananda
sin_9228_3947084014| meya tamā visinma nuvaṇin vimasā bæliya yuttaki | මෙය තමා විසින්ම නුවණින් විමසා බැලිය යුත්තකි |mettananda
sin_9228_4214967642| pansal pārenut pāraṭa yābada dola pārakin dekaṭa bedī tibē | පන්සල් පාරෙනුත් පාරට යාබද දොල පාරකින් දෙකට බෙදී තිබේ |mettananda
sin_9228_4439109075| ahannamayi iṉdiye mē kakāge voyis ekada kiyala | අහන්නමයි ඉඳියෙ මේ කකාගෙ වොයිස් එකද කියල |mettananda
sin_9228_4693210419| upasiræsi gonuvē yam dōṣayak tibī eya nirākaraṇaya karanu læbuvā | උපසිරැසි ගොනුවේ යම් දෝෂයක් තිබී එය නිරාකරණය කරනු ලැබුවා |mettananda
sin_9228_4738767661| peraharē mulinma gaman karannē polis pera gaman rathayak vīmada tavat viśēṣatvayaki | පෙරහරේ මුලින්ම ගමන් කරන්නේ පොලිස් පෙර ගමන් රථයක් වීමද තවත් විශේෂත්වයකි |mettananda
sin_9228_4845872753| kautukāgāra ārakṣākirīma rajayē vagakīmak kivvā | කෞතුකාගාර ආරක්ෂාකිරීම රජයේ වගකීමක් කිව්වා |mettananda
sin_9228_4963895869| etæn paṭan eya maṭa pariharaṇaya karannaṭa sitennē næhæ | එතැන් පටන් එය මට පරිහරණය කරන්නට සිතෙන්නේ නැහැ |mettananda
sin_9228_5098181513| ugē sirurē diga paḷala senṭimīṭar dahayak taramya | උගේ සිරුරේ දිග පළල සෙන්ටිමීටර් දහයක් තරම්ය |mettananda
sin_9228_5175819098| āsiri ekē liyavunu mē katāvē magē anuvādaya hiten kiyavamin innē | ආසිරි එකේ ලියවුනු මේ කතාවේ මගේ අනුවාදය හිතෙන් කියවමින් ඉන්නේ |mettananda
sin_9228_5288236689| namut eya apahāsātmaka bava ikmaninma maṭa tēruṇā | නමුත් එය අපහාසාත්මක බව ඉක්මනින්ම මට තේරුණා |mettananda
sin_9228_5317132625| mīṭa vaḍā sita siyum kaḷa yutuyi kiyā sitanavā | මීට වඩා සිත සියුම් කළ යුතුයි කියා සිතනවා |mettananda
sin_9228_5319996060| lajjāva yanuven mehi adahas koṭa ættē pavaṭa lajjāvīmayi | ලජ්ජාව යනුවෙන් මෙහි අදහස් කොට ඇත්තේ පවට ලජ්ජාවීමයි |mettananda
sin_9228_5383873830| ægen pasu ægē bāla soyuriyaṭa uruma vū æṉdumakin itiri vū redi kaḍak æya duṭuvā ya | ඇගෙන් පසු ඇගේ බාල සොයුරියට උරුම වූ ඇඳුමකින් ඉතිරි වූ රෙදි කඩක් ඇය දුටුවා ය |mettananda
sin_9228_5521699462| umba kālō ponsēkāgē kavuruharida kiyala maṭa sækayi | උඹ කාලෝ පොන්සේකාගේ කවුරුහරිද කියල මට සැකයි |mettananda
sin_9228_5636089475| meraṭa ekama vedakama bavaṭa baṭahira vedakama bavaṭa patviya | මෙරට එකම වෙදකම බවට බටහිර වෙදකම බවට පත්විය |mettananda
sin_9228_5814856317| naḍu vibhāgayēdī in aṭa denek væradikaruvō vūha | නඩු විභාගයේදී ඉන් අට දෙනෙක් වැරදිකරුවෝ වූහ |mettananda
sin_9228_5835359007| rēmayayi vairayayi atarē venasa kes gasakaṭa samayi | රේමයයි වෛරයයි අතරේ වෙනස කෙස් ගසකට සමයි |mettananda
sin_9228_5864536358| eya aḍu taramin viśālama mahavæli jalāśaya hō novē | එය අඩු තරමින් විශාලම මහවැලි ජලාශය හෝ නොවේ |mettananda
sin_9228_5941293912| etæn paṭan desatiyak yanaturu katābas kaḷē nǣ | එතැන් පටන් දෙසතියක් යනතුරු කතාබස් කළේ නෑ |mettananda
sin_9228_6115223649| mal genenṭa dena mudalin aḍakma sorakam karanavā | මල් ගෙනෙන්ට දෙන මුදලින් අඩක්ම සොරකම් කරනවා |mettananda
sin_9228_6147562901| mēkaṭa kiyanavā paccattṁ vēditabba viññūhi kiyala | මේකට කියනවා පච්චත්තං වේදිතබ්බ විඤ්ඤූහි කියල |mettananda
sin_9228_6305647977| mutuhara saṉgarāven tamā jūls varnava mama haṉdunāgattē | මුතුහර සඟරාවෙන් තමා ජූල්ස් වර්නව මම හඳුනාගත්තේ |mettananda
sin_9228_6415277187| mēka piyā ahimi daruvanṭa viruddha hiṁsanātmaka kiyavīmak | මේක පියා අහිමි දරුවන්ට විරුද්ධ හිංසනාත්මක කියවීමක් |mettananda
sin_9228_6530355936| mema chāyārūpayehi penena kāntāva da evænniyaki | මෙම ඡායාරූපයෙහි පෙනෙන කාන්තාව ද එවැන්නියකි |mettananda
sin_9228_6551954582| dēśasīmāhi nosansunkārī tattvayak ætiva tibiṇi | දේශසීමාහි නොසන්සුන්කාරී තත්ත්වයක් ඇතිව තිබිණි |mettananda
sin_9228_6663937934| mema piṭapata tōrā gænīmaṭa kāraṇā dekak hētu vuṇā | මෙම පිටපත තෝරා ගැනීමට කාරණා දෙකක් හේතු වුණා |mettananda
sin_9228_6728712105| mema ārāmaya piḷibaṉdava pæhædili kirīmak karanna | මෙම ආරාමය පිළිබඳව පැහැදිලි කිරීමක් කරන්න |mettananda
sin_9228_6788697721| etakoṭa ē raṭē mīṭa vaḍā aparādha væḍi venna ōnā nē | එතකොට ඒ රටේ මීට වඩා අපරාධ වැඩි වෙන්න ඕනා නේ |mettananda
sin_9228_6889136728| itāliyānu ardhadvīpaya tuḷa in vaṭa vī pihiṭā tibē | ඉතාලියානු අර්ධද්වීපය තුළ ඉන් වට වී පිහිටා තිබේ |mettananda
sin_9228_6913372441| oya hindi sinduva mṁ issellama æhuvē ēka andha ḷamayā kiyana viṭayi | ඔය හින්දි සින්දුව මං ඉස්සෙල්ලම ඇහුවේ ඒක අන්ධ ළමයා කියන විටයි |mettananda
sin_9228_7160390192| mura kārayā karannē kumakdæyi nodæna kaṭa æragenaya | මුර කාරයා කරන්නේ කුමක්දැයි නොදැන කට ඇරගෙනය |mettananda
sin_9228_7160780618| mīṭa avurudu pansīyakaṭa kalin hiṭiyā nam ēt eccarayi | මීට අවුරුදු පන්සීයකට කලින් හිටියා නම් ඒත් එච්චරයි |mettananda
sin_9228_7175568893| alutma caritaya tamayi māduḷuvāvē sōbhita hāmuduruvō | අලුත්ම චරිතය තමයි මාදුළුවාවේ සෝභිත හාමුදුරුවෝ |mettananda
sin_9228_7176380356| mē akusalaya tun dorin kumana dvārayakaṭa ayatda | මේ අකුසලය තුන් දොරින් කුමන ද්වාරයකට අයත්ද |mettananda
sin_9228_7273610721| mevæni sṁsiddhīn kisivakuṭa venaskaḷa nohæki ya | මෙවැනි සංසිද්ධීන් කිසිවකුට වෙනස්කළ නොහැකි ය |mettananda
sin_9228_7309555488| mudalāli ēka pili noganna nisā kottu bās gennuva | මුදලාලි ඒක පිලි නොගන්න නිසා කොත්තු බාස් ගෙන්නුව |mettananda
sin_9228_7451519610| mul kāle livva pōsṭ nisā goḍāk aya paḷaveni eka balala nætuva æti | මුල් කාලෙ ලිව්ව පෝස්ට් නිසා ගොඩාක් අය පළවෙනි එක බලල නැතුව ඇති |mettananda
sin_9228_7591364892| āṇḍuvaṭa uvamanāvak tibunanam hoṉdaṭa karanna tibunā | ආණ්ඩුවට උවමනාවක් තිබුනනම් හොඳට කරන්න තිබුනා |mettananda
sin_9228_7644203225| poduvē anun venuven væḍipura viyadam yedena vasaraki | පොදුවේ අනුන් වෙනුවෙන් වැඩිපුර වියදම් යෙදෙන වසරකි |mettananda
sin_9228_7805103839| nava nirmāṇa eḷidækvīma saṉdahā sthānayak da tibē | නව නිර්මාණ එළිදැක්වීම සඳහා ස්ථානයක් ද තිබේ |mettananda
sin_9228_7854804711| sarala hētu dækvīmakin hitāganna puḷuvan vunā | සරල හේතු දැක්වීමකින් හිතාගන්න පුළුවන් වුනා |mettananda
sin_9228_7993990514| samahara jarmānuvan uturu æmerikāvaṭa pæmiṇiyaha | සමහර ජර්මානුවන් උතුරු ඇමෙරිකාවට පැමිණියහ |mettananda
sin_9228_8126276173| mē piḷibaṉdava pæræṇima saṭahana thūpavṁśayē saṉdahan vē | මේ පිළිබඳව පැරැණිම සටහන ථූපවංශයේ සඳහන් වේ |mettananda
sin_9228_8206177024| mēka mama bānnam kiyalā hiṭiyē ēt amataka vunā | මේක මම බාන්නම් කියලා හිටියේ ඒත් අමතක වුනා |mettananda
sin_9228_8345234486| mema leṇē liyā æti sellipiyaṭa ema puvata sahatika karayi | මෙම ලෙණේ ලියා ඇති සෙල්ලිපියට එම පුවත සහතික කරයි |mettananda
sin_9228_8494777836| enamudu vinōdāsvādayaṭa væḍipura viyadam kirīmen vaḷakinna | එනමුදු විනෝදාස්වාදයට වැඩිපුර වියදම් කිරීමෙන් වළකින්න |mettananda
sin_9228_8742351466| mēka sammāna bohomayakaṭa nirdēśa velā tiyenavā | මේක සම්මාන බොහොමයකට නිර්දේශ වෙලා තියෙනවා |mettananda
sin_9228_8849249413| mema kaṉdavurē siyaḷuma jātīn āgam vala janatāva ekaṭa veseti | මෙම කඳවුරේ සියළුම ජාතීන් ආගම් වල ජනතාව එකට වෙසෙති |mettananda
sin_9228_8866977892| mun monavada mē liyanne kiyala hitenava velāvakaṭa | මුන් මොනවද මේ ලියන්නෙ කියල හිතෙනව වෙලාවකට |mettananda
sin_9228_8935666816| meya kap ruk væsīma yanuven haṉdunvanu læbē | මෙය කප් රුක් වැසීම යනුවෙන් හඳුන්වනු ලැබේ |mettananda
sin_9228_8967768400| mema kiyaman tuḷa æti yathārthaya vimasā bæluva hot | මෙම කියමන් තුළ ඇති යථාර්ථය විමසා බැලුව හොත් |mettananda
sin_9228_8981275962| mema pirisa lōka ārthikayē sælakiya yutu parimāvaki | මෙම පිරිස ලෝක ආර්ථිකයේ සැලකිය යුතු පරිමාවකි |mettananda
sin_9228_8986516519| mēvā hæra mē sirurin kavadāvat suvaṉdak hamannē næhæ | මේවා හැර මේ සිරුරින් කවදාවත් සුවඳක් හමන්නේ නැහැ |mettananda
sin_9228_9031956683| mema tīraṇaya piḷibada podu janatāva tuḷa pæhædiḷi sākacchāvak tavamat goḍa nægī næhæ | මෙම තීරණය පිළිබද පොදු ජනතාව තුළ පැහැදිළි සාකච්ඡාවක් තවමත් ගොඩ නැගී නැහැ |mettananda
sin_9228_9037714618| mehi aganuvara vannē karakasya | මෙහි අගනුවර වන්නේ කරකස්ය |mettananda
sin_9228_9328316557| mema jīvīn pæmiṇena yānā piḷibaṉda yam pæhædili kirīmak kaḷahot | මෙම ජීවීන් පැමිණෙන යානා පිළිබඳ යම් පැහැදිලි කිරීමක් කළහොත් |mettananda
sin_9228_9383219515| mē kiyannē ēka pārśavika ādarayak gæna venḍōna | මේ කියන්නේ ඒක පාර්ශවික ආදරයක් ගැන වෙන්ඩෝන |mettananda
sin_9228_9418038410| magen væradi velā tiyenavā nam samāva ganna ōnē | මගෙන් වැරදි වෙලා තියෙනවා නම් සමාව ගන්න ඕනේ |mettananda
sin_9228_9470191283| muḷu tænitalāvama sinā haṇḍin sṁgītayen piruṇā | මුළු තැනිතලාවම සිනා හඬින් සංගීතයෙන් පිරුණා |mettananda
sin_9228_9604135099| mē saṉdahā dīrghakālīna visaṉdumak labādiya yutu ya | මේ සඳහා දීර්ඝකාලීන විසඳුමක් ලබාදිය යුතු ය |mettananda
sin_9228_9676879401| ætta kivvot mēka oya kæsaṭ paṭayakin kaḷa nohækiyi | ඇත්ත කිව්වොත් මේක ඔය කැසට් පටයකින් කළ නොහැකියි |mettananda
sin_9228_9764401127| ājanṭināvē buvanōs ayars hīdi metumānan lovaṭa bihiviya | ආජන්ටිනාවේ බුවනෝස් අයර්ස් හීදි මෙතුමානන් ලොවට බිහිවිය |mettananda
sin_9228_9771838233| mā vimasūyē evan nītiyak ættē kohēda yannayi | මා විමසූයේ එවන් නීතියක් ඇත්තේ කොහේද යන්නයි |mettananda
sin_9228_9856295112| ēka tamayi tambapanni kiyala nama væṭilā tiyennē | ඒක තමයි තම්බපන්නි කියල නම වැටිලා තියෙන්නේ |mettananda
sin_9228_9921254975| medā særē sākacchāvak vidiyaṭa neveyi nēda pala karala tiyenne | මෙදා සැරේ සාකච්ඡාවක් විදියට නෙවෙයි නේද පල කරල තියෙන්නෙ |mettananda
